id,name,website,submission_url,domain,reported_dr,reported_link,category,pricing,metric_provider,source_url,source_retrieved_at,source_snapshot_date,measured_at,route_status,eligibility,flags,quarantined
d_d54b492484f84483,10 Words,https://10words.io/,,10words.io,15,follow,Directory,unknown,Unverified; source describes Ahrefs-style DR,https://github.com/mezmer90/saas-directories/blob/main/saas-directories.csv,2026-09-18,,,needs-research,,,False
d_fad694392314417f,1000.tools,https://1000.tools/,https://1000.tools/my/tools/create,1000.tools,34,nofollow,Directory,unknown,Unverified; source describes Ahrefs-style DR,https://github.com/mezmer90/saas-directories/blob/main/saas-directories.csv,2026-09-18,,,source-reported,,DR sources disagree,False
d_30ab5ca58605c122,10015 Tools,https://10015.io/,,10015.io,50,follow,Directory,freemium,Unverified; source describes Ahrefs-style DR,https://github.com/mezmer90/saas-directories/blob/main/saas-directories.csv,2026-09-18,,,needs-research,,,False
d_4eb19ab4cd2f2fa8,360Quadrants,https://360quadrants.com/,,360quadrants.com,48,nofollow,Review,unknown,Unverified; source describes Ahrefs-style DR,https://github.com/mezmer90/saas-directories/blob/main/saas-directories.csv,2026-09-18,,,needs-research,,,False
d_3dd01cba39cc784c,600.tools,https://600.tools/,,600.tools,22,follow,Directory,freemium,Unverified; source describes Ahrefs-style DR,https://github.com/mezmer90/saas-directories/blob/main/saas-directories.csv,2026-09-18,,,needs-research,,,False
d_6f66357fcd3b1a30,9 Sites,https://www.9sites.net/addurl.php,,9sites.net,25,follow,Directory,unknown,Unverified; source describes Ahrefs-style DR,https://github.com/mezmer90/saas-directories/blob/main/saas-directories.csv,2026-09-18,,,needs-research,,Source path requires review,False
d_77674df76bab4cc9,A1 Bookmarks,https://www.a1bookmarks.com/,,a1bookmarks.com,45,follow,Directory,freemium,Unverified; source describes Ahrefs-style DR,https://github.com/mezmer90/saas-directories/blob/main/saas-directories.csv,2026-09-18,,,needs-research,,,False
d_96a372ef792bed25,A1 Gallery,https://www.a1.gallery/,https://www.a1.gallery/submit,a1.gallery,33,unknown,Directory,unknown,Source-reported DR; provider not independently verified,https://github.com/theshubh77/awesome-saas-directories,2026-09-18,,,source-reported,"Source lists this route; acceptance, pricing, and current requirements need checking.",,False
d_39a8ca66fdb97fdb,acidtools.com,https://acidtools.com/,,acidtools.com,59,follow,Directory,unknown,Unverified; source describes Ahrefs-style DR,https://github.com/mezmer90/saas-directories/blob/main/saas-directories.csv,2026-09-18,,,needs-research,,,False
d_17dfdc61f9135834,Acquire.com,https://acquire.com/,https://acquire.com/sellers,acquire.com,73,nofollow,Marketplace,paid,Ahrefs (source-reported),https://github.com/alvinunreal/awesome-submitlist/blob/main/data/destinations.json,2026-09-18,2026-09-14,,source-reported,For selling an operating business; not a generic new-product launch directory.,,False
d_713b0e5ee77b2156,Active Search Results,https://www.activesearchresults.com/,,activesearchresults.com,78,follow,Directory,freemium,Unverified; source describes Ahrefs-style DR,https://github.com/mezmer90/saas-directories/blob/main/saas-directories.csv,2026-09-18,,,needs-research,,,False
d_5940196fb15a42ef,Add AI Directory,https://addaidirectory.com/,,addaidirectory.com,,unknown,Directory,unknown,Not supplied by source,https://github.com/mezmer90/saas-directories/blob/main/saas-directories.csv,2026-09-18,,,needs-research,,,False
d_f7f8f973e2e4904c,AddictiveTips,https://www.addictivetips.com/tip-us,,addictivetips.com,73,nofollow,Press,unknown,Unverified; source describes Ahrefs-style DR,https://github.com/mezmer90/saas-directories/blob/main/saas-directories.csv,2026-09-18,,,needs-research,"Editorial/media prospect, not a guaranteed submission form. Find a relevant angle and the current pitch policy.",Source path requires review,False
d_c6df694ae369b3d4,Addon Biz,https://www.addon.biz/,,addon.biz,64,follow,Directory,freemium,Unverified; source describes Ahrefs-style DR,https://github.com/mezmer90/saas-directories/blob/main/saas-directories.csv,2026-09-18,,,needs-research,,,False
d_2c8e4ad75753a4ad,addurl.nu,https://addurl.nu/,,addurl.nu,,unknown,Directory,unknown,Not supplied by source,https://github.com/mezmer90/saas-directories/blob/main/saas-directories.csv,2026-09-18,,,needs-research,,,False
d_d522e00448b5f102,AEO Tools,https://aeotools.space/,,aeotools.space,,unknown,Directory,unknown,Not supplied by source,https://github.com/mezmer90/saas-directories/blob/main/saas-directories.csv,2026-09-18,,,needs-research,,,False
d_9719845d964b18b8,Affiliate Watch,https://affiliate.watch/,https://affiliate.watch/submit-affiliate-program,affiliate.watch,53,unknown,Directory,free,Ahrefs (source-reported),https://github.com/alvinunreal/awesome-submitlist/blob/main/data/destinations.json,2026-09-18,2026-09-14,,source-reported,Requires a real active affiliate program.,,False
d_b4a79042992fe577,AffordHunt,https://affordhunt.com/,,affordhunt.com,28,follow,Directory,freemium,Unverified; source describes Ahrefs-style DR,https://github.com/mezmer90/saas-directories/blob/main/saas-directories.csv,2026-09-18,,,needs-research,,,False
d_6923ba07faae7832,AgentHunter,https://www.agenthunter.io/,,agenthunter.io,60,follow,Directory,unknown,Unverified; source describes Ahrefs-style DR,https://github.com/mezmer90/saas-directories/blob/main/saas-directories.csv,2026-09-18,,,needs-research,,,False
d_54b5a69f0bb47d46,AgentMRR,https://agentmrr.com/,https://agentmrr.com/dashboard/agents,agentmrr.com,21,unknown,Directory,unknown,Source-reported DR; provider not independently verified,https://github.com/theshubh77/awesome-saas-directories,2026-09-18,,,source-reported,"Source lists this route; acceptance, pricing, and current requirements need checking.",,False
d_998035d8bba42cfa,AI Agent Store,https://aiagentstore.ai/,,aiagentstore.ai,,unknown,AI,unknown,Not supplied by source,https://github.com/mezmer90/saas-directories/blob/main/saas-directories.csv,2026-09-18,,,needs-research,,,False
d_9263d28e192e60f4,AI Agents Base,https://aiagentsbase.com/,,aiagentsbase.com,,unknown,AI,unknown,Not supplied by source,https://github.com/mezmer90/saas-directories/blob/main/saas-directories.csv,2026-09-18,,,needs-research,,,False
d_4f9ab6e9c8d4ce86,AI Agents Directory,https://aiagentsdirectory.com/,,aiagentsdirectory.com,43,follow,AI,freemium,Unverified; source describes Ahrefs-style DR,https://github.com/mezmer90/saas-directories/blob/main/saas-directories.csv,2026-09-18,,,needs-research,,,False
d_a974cb2cb65abc6c,AI Agents List,https://aiagentslist.com/,,aiagentslist.com,,unknown,AI,unknown,Not supplied by source,https://github.com/mezmer90/saas-directories/blob/main/saas-directories.csv,2026-09-18,,,needs-research,,,False
d_ff299a813a820481,AI Agents Live,https://aiagentslive.com/,,aiagentslive.com,,unknown,AI,unknown,Not supplied by source,https://github.com/mezmer90/saas-directories/blob/main/saas-directories.csv,2026-09-18,,,needs-research,,,False
d_8e061d30dfb27e12,AI Agents Verse,https://aiagentsverse.com/,,aiagentsverse.com,,unknown,AI,unknown,Not supplied by source,https://github.com/mezmer90/saas-directories/blob/main/saas-directories.csv,2026-09-18,,,needs-research,,,False
d_10850bda756d1ef1,AI Bot,https://ai-bot.cn/,,ai-bot.cn,,unknown,Directory,unknown,Not supplied by source,https://github.com/mezmer90/saas-directories/blob/main/saas-directories.csv,2026-09-18,,,needs-research,,,False
d_e8fbc6c1eb65b583,AI Center,https://aicenter.ai/,https://aicenter.ai/submit-tools,aicenter.ai,33,unknown,AI,unknown,Source-reported DR; provider not independently verified,https://github.com/theshubh77/awesome-saas-directories,2026-09-18,,,source-reported,"Source lists this route; acceptance, pricing, and current requirements need checking.",,False
d_53c00de226aad955,AI Corner,https://aicorner.net/,,aicorner.net,,unknown,Directory,unknown,Not supplied by source,https://github.com/mezmer90/saas-directories/blob/main/saas-directories.csv,2026-09-18,,,needs-research,,,False
d_c54623131e1ceed4,AI Depot,https://aidepot.co/,,aidepot.co,22,follow,Directory,freemium,Unverified; source describes Ahrefs-style DR,https://github.com/mezmer90/saas-directories/blob/main/saas-directories.csv,2026-09-18,,,needs-research,,,False
d_4fc6949e85304f8c,AI Directories,https://aidirectori.es/,https://www.aidirectori.es/submit-ai-tool,aidirectori.es,71,follow,AI,free,Ahrefs (source-reported),https://github.com/alvinunreal/awesome-submitlist/blob/main/data/destinations.json,2026-09-18,2026-09-14,,source-reported,"Free listing refers to its own catalog, not its paid submission service.",,False
d_6a6d113f2c016e06,AI Directory,https://aidirectory.wiki/,,aidirectory.wiki,,unknown,Directory,unknown,Not supplied by source,https://github.com/mezmer90/saas-directories/blob/main/saas-directories.csv,2026-09-18,,,needs-research,,,False
d_d8ab73c4ae437b51,AI Dreamthere,https://ai.dreamthere.cn/,,ai.dreamthere.cn,26,follow,Directory,freemium,Unverified; source describes Ahrefs-style DR,https://github.com/mezmer90/saas-directories/blob/main/saas-directories.csv,2026-09-18,,,needs-research,,,False
d_f0712b90c6ca7e46,AI Findy,https://aifindy.com/,,aifindy.com,35,follow,Directory,freemium,Unverified; source describes Ahrefs-style DR,https://github.com/mezmer90/saas-directories/blob/main/saas-directories.csv,2026-09-18,,,needs-research,,,False
d_def0d573be2dd3f0,AI For Developers,https://aifordevelopers.org/,,aifordevelopers.org,,unknown,Developer,unknown,Not supplied by source,https://github.com/mezmer90/saas-directories/blob/main/saas-directories.csv,2026-09-18,,,needs-research,,,False
d_c119fd3bf1623732,AI for Developers,https://aifordevelopers.io/,,aifordevelopers.io,,unknown,Developer,unknown,Not supplied by source,https://github.com/mezmer90/saas-directories/blob/main/saas-directories.csv,2026-09-18,,,needs-research,,,False
d_5b54fff300004757,AI Headshot Hub,https://aiheadshothub.com/,,aiheadshothub.com,,unknown,Directory,unknown,Not supplied by source,https://github.com/mezmer90/saas-directories/blob/main/saas-directories.csv,2026-09-18,,,needs-research,,,False
d_59490dbaa89b2d2a,AI Hubs,https://aihubs.ai/,,aihubs.ai,,unknown,AI,unknown,Not supplied by source,https://github.com/mezmer90/saas-directories/blob/main/saas-directories.csv,2026-09-18,,,needs-research,,,False
d_d9c2fe87058a6c25,AI Hunt List,https://aihuntlist.com/,,aihuntlist.com,,unknown,Directory,unknown,Not supplied by source,https://github.com/mezmer90/saas-directories/blob/main/saas-directories.csv,2026-09-18,,,needs-research,,,False
d_b716775ee51058d8,AI Hustle,https://aihustle.tools/,https://aihustle.tools/submit/,aihustle.tools,39,unknown,Directory,unknown,Source-reported DR; provider not independently verified,https://github.com/theshubh77/awesome-saas-directories,2026-09-18,,,source-reported,,,False
d_2c20e717e64a2c4c,AI Library,https://library.phygital.plus/,,library.phygital.plus,46,follow,Directory,freemium,Unverified; source describes Ahrefs-style DR,https://github.com/mezmer90/saas-directories/blob/main/saas-directories.csv,2026-09-18,,,needs-research,,,False
d_06ea953e0f47175b,AI Listing,https://ailisting.ai/,,ailisting.ai,30,follow,AI,freemium,Unverified; source describes Ahrefs-style DR,https://github.com/mezmer90/saas-directories/blob/main/saas-directories.csv,2026-09-18,,,needs-research,,,False
d_641000ef3853def2,AI Match Pro,https://aimatch.pro/,,aimatch.pro,,unknown,Directory,unknown,Not supplied by source,https://github.com/mezmer90/saas-directories/blob/main/saas-directories.csv,2026-09-18,,,needs-research,,,False
d_86f66b70532ffea7,AI Navbar,https://ainavbar.com/,,ainavbar.com,29,follow,Directory,freemium,Unverified; source describes Ahrefs-style DR,https://github.com/mezmer90/saas-directories/blob/main/saas-directories.csv,2026-09-18,,,needs-research,,,False
d_cccebb476a0bb0cf,AI Parabellum,https://aiparabellum.com/,https://aiparabellum.com/submit-your-ai-tool/,aiparabellum.com,34,follow,AI,paid,Ahrefs (source-reported),https://github.com/alvinunreal/awesome-submitlist/blob/main/data/destinations.json,2026-09-18,2026-09-14,,source-reported,"Source-reported route and metrics. Review current eligibility, terms, pricing, and the exact published backlink.",,False
d_1dfc1159d8afa695,AI Pedia Hub,https://aipediahub.com/,,aipediahub.com,,unknown,Directory,unknown,Not supplied by source,https://github.com/mezmer90/saas-directories/blob/main/saas-directories.csv,2026-09-18,,,needs-research,,,False
d_ef0095caf6011ffa,AI Pulse,https://aipulse.fyi/,https://www.aipulse.fyi/submit,aipulse.fyi,20,unknown,Directory,unknown,Source-reported DR; provider not independently verified,https://github.com/theshubh77/awesome-saas-directories,2026-09-18,,,source-reported,,,False
d_9372f47958c058ab,AI Repo,https://airepo.io/,,airepo.io,20,follow,Directory,unknown,Unverified; source describes Ahrefs-style DR,https://github.com/mezmer90/saas-directories/blob/main/saas-directories.csv,2026-09-18,,,needs-research,,,False
d_037fe2055e665020,AI Resource Pro,https://airesource.pro/,,airesource.pro,,unknown,Directory,unknown,Not supplied by source,https://github.com/mezmer90/saas-directories/blob/main/saas-directories.csv,2026-09-18,,,needs-research,,,False
d_45a561bfd955f5a5,AI Respo,https://airespo.com/,,airespo.com,,unknown,Directory,unknown,Not supplied by source,https://github.com/mezmer90/saas-directories/blob/main/saas-directories.csv,2026-09-18,,,needs-research,,,False
d_5e86adeefc4d35b5,AI Scout,https://aiscout.net/,,aiscout.net,,unknown,Directory,unknown,Not supplied by source,https://github.com/mezmer90/saas-directories/blob/main/saas-directories.csv,2026-09-18,,,needs-research,,,False
d_d3963bfdaacb0318,AI Sites Net,https://ai-sites.net/,,ai-sites.net,,unknown,Directory,unknown,Not supplied by source,https://github.com/mezmer90/saas-directories/blob/main/saas-directories.csv,2026-09-18,,,needs-research,,,False
d_5570dfeb16884232,AI Startups,https://aistartups.net/,,aistartups.net,43,follow,Directory,freemium,Unverified; source describes Ahrefs-style DR,https://github.com/mezmer90/saas-directories/blob/main/saas-directories.csv,2026-09-18,,,needs-research,,,False
d_5ef598d428f4e1e3,AI Super Smart,https://aisupersmart.com/,,aisupersmart.com,,unknown,Directory,unknown,Not supplied by source,https://github.com/mezmer90/saas-directories/blob/main/saas-directories.csv,2026-09-18,,,needs-research,,Source path requires review,False
d_2fba06c90c50ff41,AI Tech Viral,https://aitechviral.com/,,aitechviral.com,50,follow,Directory,unknown,Unverified; source describes Ahrefs-style DR,https://github.com/mezmer90/saas-directories/blob/main/saas-directories.csv,2026-09-18,,,needs-research,,,False
d_ac2327cb79ba3d9b,AI Tool Details,https://aitooldetails.com/,,aitooldetails.com,30,follow,AI,freemium,Unverified; source describes Ahrefs-style DR,https://github.com/mezmer90/saas-directories/blob/main/saas-directories.csv,2026-09-18,,,needs-research,,,False
d_f38741bcd6b56d0d,AI Tool Guru,https://aitoolguru.com/,,aitoolguru.com,29,follow,AI,freemium,Unverified; source describes Ahrefs-style DR,https://github.com/mezmer90/saas-directories/blob/main/saas-directories.csv,2026-09-18,,,needs-research,,,False
d_614b3cc1edc44404,AI Tool List,https://aitoollist.org/,,aitoollist.org,,unknown,AI,unknown,Not supplied by source,https://github.com/mezmer90/saas-directories/blob/main/saas-directories.csv,2026-09-18,,,needs-research,,,False
d_ca0dadf48cdfa05e,AI Tool Trek,https://aitooltrek.com/,,aitooltrek.com,,unknown,AI,unknown,Not supplied by source,https://github.com/mezmer90/saas-directories/blob/main/saas-directories.csv,2026-09-18,,,needs-research,,,False
d_3cbbfced2b641bce,AI Toolex,https://aitoolex.com/,,aitoolex.com,,unknown,AI,unknown,Not supplied by source,https://github.com/mezmer90/saas-directories/blob/main/saas-directories.csv,2026-09-18,,,needs-research,,,False
d_81b6e3b30ed302c9,AI Tools,https://aitools.inc/,https://aitools.inc/submit,aitools.inc,67,nofollow,AI,free,Ahrefs (source-reported),https://github.com/alvinunreal/awesome-submitlist/blob/main/data/destinations.json,2026-09-18,2026-09-14,,source-reported,"Source-reported route and metrics. Review current eligibility, terms, pricing, and the exact published backlink.",,False
d_ecffdb6993319a14,AI Tools Arena,https://aitoolsarena.com/,,aitoolsarena.com,,unknown,AI,unknown,Not supplied by source,https://github.com/mezmer90/saas-directories/blob/main/saas-directories.csv,2026-09-18,,,needs-research,,,False
d_ad758908d2bc53a0,AI Tools by Neil Patel,https://aitools.neilpatel.com/,https://aitools.neilpatel.com/submit/,aitools.neilpatel.com,91,unknown,AI,unknown,Source-reported DR; provider not independently verified,https://github.com/theshubh77/awesome-saas-directories,2026-09-18,,,source-reported,"Source lists this route; acceptance, pricing, and current requirements need checking.",,False
d_7e78e82d86e4dba3,AI Tools Corner,https://aitoolscorner.com/,,aitoolscorner.com,,unknown,AI,unknown,Not supplied by source,https://github.com/mezmer90/saas-directories/blob/main/saas-directories.csv,2026-09-18,,,needs-research,,,False
d_d835f3a5893e0bf9,AI Tools Directory,https://aitoolsdirectory.com/,https://aitoolsdirectory.com/submit-tool,aitoolsdirectory.com,52,nofollow,AI,free,Ahrefs (source-reported),https://github.com/alvinunreal/awesome-submitlist/blob/main/data/destinations.json,2026-09-18,2026-09-14,,source-reported,"Source-reported route and metrics. Review current eligibility, terms, pricing, and the exact published backlink.",DR sources disagree; Link sources disagree,False
d_61133536651935d8,AI Tools Explore,https://aiex.me/,,aiex.me,,unknown,AI,unknown,Not supplied by source,https://github.com/mezmer90/saas-directories/blob/main/saas-directories.csv,2026-09-18,,,needs-research,,,False
d_1e6a3370f60b3a1f,AI Tools Explorer,https://aitoolsexplorer.com/,https://aitoolsexplorer.com/submit-ai-tool/,aitoolsexplorer.com,35,nofollow,AI,paid,Ahrefs (source-reported),https://github.com/alvinunreal/awesome-submitlist/blob/main/data/destinations.json,2026-09-18,2026-09-14,,source-reported,"Source-reported route and metrics. Review current eligibility, terms, pricing, and the exact published backlink.",,False
d_9afe44e11f9f100c,AI Tools for Me,https://aitoolsforme.com/,,aitoolsforme.com,,unknown,AI,unknown,Not supplied by source,https://github.com/mezmer90/saas-directories/blob/main/saas-directories.csv,2026-09-18,,,needs-research,,,False
d_e5584cebabe4b8e4,AI Tools FYI,https://aitools.fyi/,,aitools.fyi,46,follow,AI,unknown,Unverified; source describes Ahrefs-style DR,https://github.com/mezmer90/saas-directories/blob/main/saas-directories.csv,2026-09-18,,,needs-research,,,False
d_f2843d4b06ac03a2,AI Tools Hunt,https://aitoolshunt.com/,,aitoolshunt.com,,unknown,AI,unknown,Not supplied by source,https://github.com/mezmer90/saas-directories/blob/main/saas-directories.csv,2026-09-18,,,needs-research,,,False
d_cc2159175677df8f,AI Tools List,https://aitoolslist.io/,,aitoolslist.io,27,follow,AI,freemium,Unverified; source describes Ahrefs-style DR,https://github.com/mezmer90/saas-directories/blob/main/saas-directories.csv,2026-09-18,,,needs-research,,,False
d_d737b25bfe0fedf9,AI Tools Love,https://aitools.love/,,aitools.love,,unknown,AI,unknown,Not supplied by source,https://github.com/mezmer90/saas-directories/blob/main/saas-directories.csv,2026-09-18,,,needs-research,,,False
d_b63ded26cd288ab5,AI Tools Magazine,https://aitoolsmagazine.com/,,aitoolsmagazine.com,,unknown,AI,unknown,Not supplied by source,https://github.com/mezmer90/saas-directories/blob/main/saas-directories.csv,2026-09-18,,,needs-research,,,False
d_0121e9bb368b300e,AI Tools Marketer,https://aitoolsmarketer.com/,,aitoolsmarketer.com,37,follow,AI,freemium,Unverified; source describes Ahrefs-style DR,https://github.com/mezmer90/saas-directories/blob/main/saas-directories.csv,2026-09-18,,,needs-research,,,False
d_795d6eba6f06b88c,AI Tools Pin,https://aitoolspin.com/,,aitoolspin.com,,unknown,AI,unknown,Not supplied by source,https://github.com/mezmer90/saas-directories/blob/main/saas-directories.csv,2026-09-18,,,needs-research,,,False
d_8bc386a5cbdd6ba1,AI Tools Saver,https://aitoolsaver.com/,https://www.aitoolsaver.com/submit-ai-tool,aitoolsaver.com,33,unknown,AI,unknown,Source-reported DR; provider not independently verified,https://github.com/theshubh77/awesome-saas-directories,2026-09-18,,,source-reported,,,False
d_c06981f386330248,AI Tools SME,https://www.aitoolssme.com/,https://www.aitoolssme.com/submit-your-tool,aitoolssme.com,56,unknown,AI,unknown,Source-reported DR; provider not independently verified,https://github.com/theshubh77/awesome-saas-directories,2026-09-18,,,source-reported,"Source lists this route; acceptance, pricing, and current requirements need checking.",,False
d_46b42b7560a75b5a,AI Toolz,https://aitoolz.net/,,aitoolz.net,,unknown,AI,unknown,Not supplied by source,https://github.com/mezmer90/saas-directories/blob/main/saas-directories.csv,2026-09-18,,,needs-research,,,False
d_1f475c4185f36710,AI Toolz Dir,https://aitoolzdir.com/,,aitoolzdir.com,,unknown,AI,unknown,Not supplied by source,https://github.com/mezmer90/saas-directories/blob/main/saas-directories.csv,2026-09-18,,,needs-research,,,False
d_a1120f91d1f601e7,AI Valley,https://aivalley.ai/,https://aivalley.ai/submit-tool/,aivalley.ai,33,unknown,AI,unknown,Source-reported DR; provider not independently verified,https://github.com/theshubh77/awesome-saas-directories,2026-09-18,,,source-reported,"Source lists this route; acceptance, pricing, and current requirements need checking.",,False
d_62ec333154921a03,AI With Me,https://aiwith.me/,https://aiwith.me/submit/,aiwith.me,58,follow,AI,free,Ahrefs (source-reported),https://github.com/alvinunreal/awesome-submitlist/blob/main/data/destinations.json,2026-09-18,2026-09-14,,source-reported,"Source-reported route and metrics. Review current eligibility, terms, pricing, and the exact published backlink.",DR sources disagree,False
d_3387b086b98e97d6,AI-Hunter.io,https://ai-hunter.io/,https://ai-hunter.io/submit-a-tool/,ai-hunter.io,20,unknown,AI,free,Ahrefs (source-reported),https://github.com/alvinunreal/awesome-submitlist/blob/main/data/destinations.json,2026-09-18,2026-09-14,,source-reported,"Functioning AI tool; category, pricing, and an original description required.",,False
d_ce856bf12f375bcb,AI-Tools Directory,https://ai-tools.directory/,,ai-tools.directory,,unknown,Directory,unknown,Not supplied by source,https://github.com/mezmer90/saas-directories/blob/main/saas-directories.csv,2026-09-18,,,needs-research,,,False
d_5d7681a092532873,AIBase,https://aibase.com/,https://app.aibase.com/submission,aibase.com,71,unknown,AI,unknown,Source-reported DR; provider not independently verified,https://github.com/theshubh77/awesome-saas-directories,2026-09-18,,,source-reported,"Source lists this route; acceptance, pricing, and current requirements need checking.",,False
d_bda45b4a22c4a4b2,AIChief,https://aichief.com/,,aichief.com,,unknown,Directory,unknown,Not supplied by source,https://github.com/mezmer90/saas-directories/blob/main/saas-directories.csv,2026-09-18,,,needs-research,,,False
d_f8613a004b0fe680,AIDir,https://aidir.wiki/,,aidir.wiki,,unknown,Directory,unknown,Not supplied by source,https://github.com/mezmer90/saas-directories/blob/main/saas-directories.csv,2026-09-18,,,needs-research,,,False
d_b11eed919663c835,aidirectory.org,https://aidirectory.org/,,aidirectory.org,,unknown,Directory,unknown,Not supplied by source,https://github.com/mezmer90/saas-directories/blob/main/saas-directories.csv,2026-09-18,,,needs-research,,,False
d_604e0c78cea49e8d,AiDirs,https://aidirs.best/,https://aidirs.best/submit,aidirs.best,62,unknown,Directory,unknown,Source-reported DR; provider not independently verified,https://github.com/theshubh77/awesome-saas-directories,2026-09-18,,,source-reported,,,False
d_2342e2a1cd97c839,aijourney.so,https://aijourney.so/,,aijourney.so,,unknown,AI,unknown,No DR supplied by this source,https://github.com/best-of-ai/ai-directories/blob/main/README.md,2026-09-18,,,needs-research,"Listed by Best Of AI. Submission route, current eligibility, price, DR, and actual link attributes require research unless another source supplies them.",,False
d_450163f5d157a09c,ailib.ru,https://ailib.ru/,,ailib.ru,27,follow,Directory,freemium,Unverified; source describes Ahrefs-style DR,https://github.com/mezmer90/saas-directories/blob/main/saas-directories.csv,2026-09-18,,,needs-research,,,False
d_154592bed126d38c,ainave,https://ainave.com/,,ainave.com,,unknown,Directory,unknown,Not supplied by source,https://github.com/mezmer90/saas-directories/blob/main/saas-directories.csv,2026-09-18,,,needs-research,,,False
d_2e8dead93dc024a9,Airtable Marketplace,https://airtable.com/marketplace,,airtable.com,86,nofollow,Marketplace,unknown,Unverified; source describes Ahrefs-style DR,https://github.com/mezmer90/saas-directories/blob/main/saas-directories.csv,2026-09-18,,,needs-research,,Source path requires review,False
d_82db14f102d3a623,AISO Tools,https://aisotools.com/,https://aisotools.com/submit,aisotools.com,20,unknown,Directory,unknown,Source-reported DR; provider not independently verified,https://github.com/theshubh77/awesome-saas-directories,2026-09-18,,,source-reported,,,False
d_b3a044d9891e0ee5,aistage.net,https://aistage.net/,https://aistage.net/submit,aistage.net,71,unknown,Directory,unknown,Source-reported DR; provider not independently verified,https://github.com/theshubh77/awesome-saas-directories,2026-09-18,,,source-reported,,,False
d_95521269b2555b76,AiTool.ai,https://aitool.ai/,,aitool.ai,25,follow,AI,unknown,Unverified; source describes Ahrefs-style DR,https://github.com/mezmer90/saas-directories/blob/main/saas-directories.csv,2026-09-18,,,needs-research,,,False
d_e9ca4d9afc934197,Aitoolnet,https://aitoolnet.com/,https://www.aitoolnet.com/submit/,aitoolnet.com,56,nofollow,AI,free,Ahrefs (source-reported),https://github.com/alvinunreal/awesome-submitlist/blob/main/data/destinations.json,2026-09-18,2026-09-14,,source-reported,"Source-reported route and metrics. Review current eligibility, terms, pricing, and the exact published backlink.",,False
d_e74984e741196e9c,AIToolsCapital,https://aitoolscapital.com/,https://aitoolscapital.com/submit-tool,aitoolscapital.com,37,unknown,AI,unknown,Source-reported DR; provider not independently verified,https://github.com/theshubh77/awesome-saas-directories,2026-09-18,,,source-reported,"Source lists this route; acceptance, pricing, and current requirements need checking.",,False
d_1cd2d998c3cbdd32,AITopTools,https://aitoptools.com/,https://aitoptools.com/claim-your-tool/,aitoptools.com,54,nofollow,AI,paid,Ahrefs (source-reported),https://github.com/alvinunreal/awesome-submitlist/blob/main/data/destinations.json,2026-09-18,2026-09-14,,source-reported,"Source-reported route and metrics. Review current eligibility, terms, pricing, and the exact published backlink.",,False
d_884dac23ae915bf4,AIWget,https://aiwget.com/,https://aiwget.com/submit,aiwget.com,30,unknown,Directory,unknown,Source-reported DR; provider not independently verified,https://github.com/theshubh77/awesome-saas-directories,2026-09-18,,,source-reported,"Source lists this route; acceptance, pricing, and current requirements need checking.",,False
d_6bfd113467967cbb,AIx Collection,https://aixcollection.com/,,aixcollection.com,18,follow,Directory,unknown,Unverified; source describes Ahrefs-style DR,https://github.com/mezmer90/saas-directories/blob/main/saas-directories.csv,2026-09-18,,,needs-research,,,False
d_b3add62a63a968d3,AIxploria,https://aixploria.com/,https://www.aixploria.com/en/submit-ai-tool-or-feature-company/,aixploria.com,57,nofollow,AI,paid,Ahrefs (source-reported),https://github.com/alvinunreal/awesome-submitlist/blob/main/data/destinations.json,2026-09-18,2026-09-14,,source-reported,"Source-reported route and metrics. Review current eligibility, terms, pricing, and the exact published backlink.",DR sources disagree,False
d_149ea15f8f96b34e,AIxuanfeng,https://www.aixuanfeng.com/,,aixuanfeng.com,27,follow,Directory,freemium,Unverified; source describes Ahrefs-style DR,https://github.com/mezmer90/saas-directories/blob/main/saas-directories.csv,2026-09-18,,,needs-research,,,False
d_c622c9b4453df378,AIxyz,https://aixyz.co/,,aixyz.co,,unknown,Directory,unknown,Not supplied by source,https://github.com/mezmer90/saas-directories/blob/main/saas-directories.csv,2026-09-18,,,needs-research,,,False
d_ae7727bea968e6db,Akita SaaS Directory,https://akitaapp.com/directory,,akitaapp.com,38,follow,Directory,unknown,Unverified; source describes Ahrefs-style DR,https://github.com/mezmer90/saas-directories/blob/main/saas-directories.csv,2026-09-18,,,needs-research,,Source path requires review,False
d_e75fc473f81c8336,All AI Tools,https://allaitools.tech/,,allaitools.tech,,unknown,AI,unknown,Not supplied by source,https://github.com/mezmer90/saas-directories/blob/main/saas-directories.csv,2026-09-18,,,needs-research,,,False
d_43e50d49d797f774,All Startups Info,https://www.allstartups.info/,,allstartups.info,28,follow,Directory,unknown,Unverified; source describes Ahrefs-style DR,https://github.com/mezmer90/saas-directories/blob/main/saas-directories.csv,2026-09-18,,,needs-research,,,False
d_2a29d7fa9c44ae22,All That SaaS,https://allthatsaas.com/,,allthatsaas.com,35,follow,Review,unknown,Unverified; source describes Ahrefs-style DR,https://github.com/mezmer90/saas-directories/blob/main/saas-directories.csv,2026-09-18,,,needs-research,,,False
d_831f1a4d252fb951,All the AI Tools,https://alltheaitools.com/,,alltheaitools.com,,unknown,AI,unknown,Not supplied by source,https://github.com/mezmer90/saas-directories/blob/main/saas-directories.csv,2026-09-18,,,needs-research,,,False
d_2d2ff8c306ec60b5,All Things AI,https://allthingsai.com/,,allthingsai.com,,unknown,Directory,unknown,Not supplied by source,https://github.com/mezmer90/saas-directories/blob/main/saas-directories.csv,2026-09-18,,,needs-research,,,False
d_8a366fa0a8ff94f2,AllinAI,https://allinai.tools/,,allinai.tools,,unknown,Directory,unknown,Not supplied by source,https://github.com/mezmer90/saas-directories/blob/main/saas-directories.csv,2026-09-18,,,needs-research,,,False
d_a7ac589b2dfe8d49,Alltop,https://alltop.com/feed,,alltop.com,58,nofollow,Directory,unknown,Unverified; source describes Ahrefs-style DR,https://github.com/mezmer90/saas-directories/blob/main/saas-directories.csv,2026-09-18,,,needs-research,,Source path requires review,False
d_66dde1f89e0f50e6,AllTopStartups,https://alltopstartups.com/submit-st,,alltopstartups.com,45,follow,Directory,unknown,Unverified; source describes Ahrefs-style DR,https://github.com/mezmer90/saas-directories/blob/main/saas-directories.csv,2026-09-18,,,needs-research,,Submission path may be truncated; Source path requires review,False
d_b516960977e286af,Alpha Digits,https://alphadigits.com/,,alphadigits.com,15,follow,Directory,unknown,Unverified; source describes Ahrefs-style DR,https://github.com/mezmer90/saas-directories/blob/main/saas-directories.csv,2026-09-18,,,needs-research,,,False
d_fbdfdec3ff4eb6f4,Alt Hunt,https://althunt.io/,https://althunt.io/new,althunt.io,20,unknown,Directory,unknown,Source-reported DR; provider not independently verified,https://github.com/theshubh77/awesome-saas-directories,2026-09-18,,,source-reported,,,False
d_e50d57186a2f07f3,Altern,https://altern.ai/,https://altern.ai/maker/submit/start,altern.ai,46,follow,AI,free,Ahrefs (source-reported),https://github.com/alvinunreal/awesome-submitlist/blob/main/data/destinations.json,2026-09-18,2026-09-14,,source-reported,"Source-reported route and metrics. Review current eligibility, terms, pricing, and the exact published backlink.",DR sources disagree,False
d_728ddac19c2d63c0,Alternative.me,https://alternative.me/,https://alternative.me/how-to/submit-software/,alternative.me,75,follow,Review,free,Ahrefs (source-reported),https://github.com/alvinunreal/awesome-submitlist/blob/main/data/destinations.json,2026-09-18,2026-09-14,,source-reported,"Source-reported route and metrics. Review current eligibility, terms, pricing, and the exact published backlink.",DR sources disagree; Link sources disagree,False
d_fc013aa11e210124,Alternatives.co,https://alternatives.co/,,alternatives.co,35,follow,Directory,unknown,Unverified; source describes Ahrefs-style DR,https://github.com/mezmer90/saas-directories/blob/main/saas-directories.csv,2026-09-18,,,needs-research,,,False
d_5cf95fa4c65d2a99,AlternativeTo,https://alternativeto.net/,https://alternativeto.net/manage-item/,alternativeto.net,79,follow,Review,unknown,Unverified; source describes Ahrefs-style DR,https://github.com/mezmer90/saas-directories/blob/main/saas-directories.csv,2026-09-18,,,source-reported,,DR sources disagree,False
d_2cb6c7ef3abbb576,American Inno,https://www.americaninno.com/post-a-star,,americaninno.com,60,nofollow,Press,unknown,Unverified; source describes Ahrefs-style DR,https://github.com/mezmer90/saas-directories/blob/main/saas-directories.csv,2026-09-18,,,needs-research,"Editorial/media prospect, not a guaranteed submission form. Find a relevant angle and the current pitch policy.",Submission path may be truncated; Source path requires review,False
d_d5b7674c8b122986,American Startups,https://americanstartups.com/share-your-s,,americanstartups.com,25,follow,Directory,unknown,Unverified; source describes Ahrefs-style DR,https://github.com/mezmer90/saas-directories/blob/main/saas-directories.csv,2026-09-18,,,needs-research,,Submission path may be truncated; Source path requires review,False
d_c1100d840396c95d,Amfibi,http://www.amfibi.com/,,amfibi.com,30,follow,Local business,unknown,Unverified; source describes Ahrefs-style DR,https://github.com/mezmer90/saas-directories/blob/main/saas-directories.csv,2026-09-18,,,needs-research,,Source uses HTTP,False
d_c4d395976afa36f7,Android Apps Review,https://www.androidappsreview.com/,,androidappsreview.com,32,nofollow,Directory,unknown,Unverified; source describes Ahrefs-style DR,https://github.com/mezmer90/saas-directories/blob/main/saas-directories.csv,2026-09-18,,,needs-research,,,False
d_1d5e4da17fa0bdf8,Android Authority,https://www.androidauthority.com/,,androidauthority.com,87,nofollow,Press,unknown,Unverified; source describes Ahrefs-style DR,https://github.com/mezmer90/saas-directories/blob/main/saas-directories.csv,2026-09-18,,,needs-research,"Editorial/media prospect, not a guaranteed submission form. Find a relevant angle and the current pitch policy.",,False
d_fea305acbbb00952,AngelList,https://angel.co/,,angel.co,87,nofollow,Directory,unknown,Unverified; source describes Ahrefs-style DR,https://github.com/mezmer90/saas-directories/blob/main/saas-directories.csv,2026-09-18,,,needs-research,,,False
d_ee5a5ac45a827cae,AngelList,https://angellist.com/,,angellist.com,,unknown,Directory,unknown,Not supplied by source,https://github.com/mezmer90/saas-directories/blob/main/saas-directories.csv,2026-09-18,,,needs-research,,,False
d_80b481d370defb02,Angi,https://office.angi.com/app/join/registratio,,office.angi.com,72,nofollow,Directory,unknown,Unverified; source describes Ahrefs-style DR,https://github.com/mezmer90/saas-directories/blob/main/saas-directories.csv,2026-09-18,,,needs-research,,Submission path may be truncated; Source path requires review,False
d_26b7c60a719820a4,Ant Directory,https://antdirectory.com/,,antdirectory.com,29,follow,Directory,freemium,Unverified; source describes Ahrefs-style DR,https://github.com/mezmer90/saas-directories/blob/main/saas-directories.csv,2026-09-18,,,needs-research,,,False
d_3c259bb79915ace6,ANYFP,https://anyfp.com/,,anyfp.com,25,follow,Directory,freemium,Unverified; source describes Ahrefs-style DR,https://github.com/mezmer90/saas-directories/blob/main/saas-directories.csv,2026-09-18,,,needs-research,,,False
d_c161a33c3f469b1d,API List,https://apilist.fun/,,apilist.fun,,unknown,Directory,unknown,Not supplied by source,https://github.com/mezmer90/saas-directories/blob/main/saas-directories.csv,2026-09-18,,,needs-research,,,False
d_e6eb9a00bec3453d,App Rater,https://apprater.net/add,,apprater.net,28,follow,Directory,unknown,Unverified; source describes Ahrefs-style DR,https://github.com/mezmer90/saas-directories/blob/main/saas-directories.csv,2026-09-18,,,needs-research,,Source path requires review,False
d_f48e98fca1214f1e,App Review Central,http://www.appreviewcentral.net/app-sub,,appreviewcentral.net,22,nofollow,Directory,unknown,Unverified; source describes Ahrefs-style DR,https://github.com/mezmer90/saas-directories/blob/main/saas-directories.csv,2026-09-18,,,needs-research,,Source uses HTTP; Source path requires review,False
d_d0331d2c80deb690,AppAgg,https://appagg.com/?hl=en,https://appagg.com/add/,appagg.com,50,follow,Marketplace,free,Ahrefs (source-reported),https://github.com/alvinunreal/awesome-submitlist/blob/main/data/destinations.json,2026-09-18,2026-09-14,,source-reported,"Requires a suitable app, integration, extension, deal, or seller account for this platform; not a generic backlink submission.",DR sources disagree; Link sources disagree,False
d_637230d207995fa7,AppaList,https://appalist.com/,,appalist.com,48,follow,Directory,unknown,Unverified; source describes Ahrefs-style DR,https://github.com/mezmer90/saas-directories/blob/main/saas-directories.csv,2026-09-18,,,needs-research,,,False
d_77d3971d02691abc,AppExchange,https://appexchange.salesforce.com/,,appexchange.salesforce.com,88,nofollow,Marketplace,unknown,Unverified; source describes Ahrefs-style DR,https://github.com/mezmer90/saas-directories/blob/main/saas-directories.csv,2026-09-18,,,needs-research,,,False
d_b4916f6b9ddf8958,Appiod,https://appiod.com/submit-app-for-revien,,appiod.com,18,follow,Directory,unknown,Unverified; source describes Ahrefs-style DR,https://github.com/mezmer90/saas-directories/blob/main/saas-directories.csv,2026-09-18,,,needs-research,,Submission path may be truncated; Source path requires review,False
d_5bfa9f1905792d65,AppLauncher,https://applauncher.io/,https://www.applauncher.io/auth/register,applauncher.io,14,unknown,Launch,free,Ahrefs (source-reported),https://github.com/alvinunreal/awesome-submitlist/blob/main/data/destinations.json,2026-09-18,2026-09-14,,source-reported,Register and review the current product-listing requirements.,,False
d_2600485e6abbc15d,AppleInsider,https://appleinsider.com/,,appleinsider.com,83,nofollow,Press,unknown,Unverified; source describes Ahrefs-style DR,https://github.com/mezmer90/saas-directories/blob/main/saas-directories.csv,2026-09-18,,,needs-research,"Editorial/media prospect, not a guaranteed submission form. Find a relevant angle and the current pitch policy.",,False
d_975eb111f1942c4e,Appolicious,https://www.appolicious.com/contact-us,,appolicious.com,40,nofollow,Directory,unknown,Unverified; source describes Ahrefs-style DR,https://github.com/mezmer90/saas-directories/blob/main/saas-directories.csv,2026-09-18,,,needs-research,,Source path requires review,False
d_80a2c7bde0d13d62,AppRadar,https://appradar.com/,,appradar.com,,unknown,Directory,unknown,Not supplied by source,https://github.com/mezmer90/saas-directories/blob/main/saas-directories.csv,2026-09-18,,,needs-research,,,False
d_be455bf589d2e914,Apps 400,https://apps400.com/submit-your-application-fol,,apps400.com,18,follow,Directory,unknown,Unverified; source describes Ahrefs-style DR,https://github.com/mezmer90/saas-directories/blob/main/saas-directories.csv,2026-09-18,,,needs-research,,Submission path may be truncated; Source path requires review,False
d_08a2ec2fd2b8cab6,Apps Mamma,http://appsmamma.com/submit-your-app,,appsmamma.com,15,follow,Directory,unknown,Unverified; source describes Ahrefs-style DR,https://github.com/mezmer90/saas-directories/blob/main/saas-directories.csv,2026-09-18,,,needs-research,,Source uses HTTP; Source path requires review,False
d_b47f8364c9feff5d,Apps Mirror,https://appsmirror.com/submit-your-app-fol,,appsmirror.com,15,follow,Directory,unknown,Unverified; source describes Ahrefs-style DR,https://github.com/mezmer90/saas-directories/blob/main/saas-directories.csv,2026-09-18,,,needs-research,,Source path requires review,False
d_c2fc179018ce65cb,Apps Thunder,https://appsthunder.com/submit-your-app,,appsthunder.com,15,follow,Directory,unknown,Unverified; source describes Ahrefs-style DR,https://github.com/mezmer90/saas-directories/blob/main/saas-directories.csv,2026-09-18,,,needs-research,,Source path requires review,False
d_43e9a602805bb3cf,Appscribed,https://appscribed.com/,https://appscribed.com/submit-ai-tool/,appscribed.com,42,follow,AI,paid,Ahrefs (source-reported),https://github.com/alvinunreal/awesome-submitlist/blob/main/data/destinations.json,2026-09-18,2026-09-14,,source-reported,"Source-reported route and metrics. Review current eligibility, terms, pricing, and the exact published backlink.",,False
d_16a4152f744d9309,AppsListo,https://appslisto.com/submit-your-app,,appslisto.com,20,follow,Directory,unknown,Unverified; source describes Ahrefs-style DR,https://github.com/mezmer90/saas-directories/blob/main/saas-directories.csv,2026-09-18,,,needs-research,,Source path requires review,False
d_fc55e8ae63c28cfd,Appsolite,https://appsolite.com/,,appsolite.com,15,follow,Directory,unknown,Unverified; source describes Ahrefs-style DR,https://github.com/mezmer90/saas-directories/blob/main/saas-directories.csv,2026-09-18,,,needs-research,,,False
d_b127ae16303145ad,AppSpy,https://www.appspy.com/,,appspy.com,42,nofollow,Press,unknown,Unverified; source describes Ahrefs-style DR,https://github.com/mezmer90/saas-directories/blob/main/saas-directories.csv,2026-09-18,,,needs-research,"Editorial/media prospect, not a guaranteed submission form. Find a relevant angle and the current pitch policy.",,False
d_1df8bbce3167e567,AppSumo,https://appsumo.com/,https://partners.appsumo.com/self-submission,appsumo.com,83,nofollow,Marketplace,free,Ahrefs (source-reported),https://github.com/alvinunreal/awesome-submitlist/blob/main/data/destinations.json,2026-09-18,2026-09-14,,source-reported,"Requires a suitable app, integration, extension, deal, or seller account for this platform; not a generic backlink submission.",,False
d_264ba60c3c271483,AppsZoom,http://appszoom.com/,,appszoom.com,48,nofollow,Directory,unknown,Unverified; source describes Ahrefs-style DR,https://github.com/mezmer90/saas-directories/blob/main/saas-directories.csv,2026-09-18,,,needs-research,,Source uses HTTP,False
d_4ccc026b528a04d7,Appvita,https://www.appvita.com/,,appvita.com,22,nofollow,Directory,unknown,Unverified; source describes Ahrefs-style DR,https://github.com/mezmer90/saas-directories/blob/main/saas-directories.csv,2026-09-18,,,needs-research,,,False
d_92f8ed8bbfa5e0f8,Appvizer,https://appvizer.com/,https://help.appvizer.com/en/articles/how-do-i-reference-software-on-appvizer,appvizer.com,51,follow,Review,free,Ahrefs (source-reported),https://github.com/alvinunreal/awesome-submitlist/blob/main/data/destinations.json,2026-09-18,2026-09-14,,source-reported,"Source-reported route and metrics. Review current eligibility, terms, pricing, and the exact published backlink.",,False
d_06ca2ef51e0f45fd,Appy Smarts,https://www.appysmarts.com/,,appysmarts.com,28,nofollow,Directory,unknown,Unverified; source describes Ahrefs-style DR,https://github.com/mezmer90/saas-directories/blob/main/saas-directories.csv,2026-09-18,,,needs-research,,,False
d_973c232b2c3ab02b,ArcticStartup,https://arcticstartup.com/become-a,,arcticstartup.com,55,follow,Press,unknown,Unverified; source describes Ahrefs-style DR,https://github.com/mezmer90/saas-directories/blob/main/saas-directories.csv,2026-09-18,,,needs-research,"Editorial/media prospect, not a guaranteed submission form. Find a relevant angle and the current pitch policy.",Source path requires review,False
d_3adf5f94d36c046a,Ars Technica,https://arstechnica.com/contact-us,,arstechnica.com,90,nofollow,Press,unknown,Unverified; source describes Ahrefs-style DR,https://github.com/mezmer90/saas-directories/blob/main/saas-directories.csv,2026-09-18,,,needs-research,"Editorial/media prospect, not a guaranteed submission form. Find a relevant angle and the current pitch policy.",Source path requires review,False
d_3f1693577f3a0e13,Ask AI for It,https://askaiforit.com/,,askaiforit.com,,unknown,Directory,unknown,Not supplied by source,https://github.com/mezmer90/saas-directories/blob/main/saas-directories.csv,2026-09-18,,,needs-research,,,False
d_7566b5c69d1c12b3,Ask Your Android,http://askyourandroid.com/,,askyourandroid.com,15,follow,Directory,unknown,Unverified; source describes Ahrefs-style DR,https://github.com/mezmer90/saas-directories/blob/main/saas-directories.csv,2026-09-18,,,needs-research,,Source uses HTTP,False
d_e05a7183339949c1,Astro Growth,https://www.astrogrowth.com/,,astrogrowth.com,18,follow,Directory,unknown,Unverified; source describes Ahrefs-style DR,https://github.com/mezmer90/saas-directories/blob/main/saas-directories.csv,2026-09-18,,,needs-research,,,False
d_de2489a2d0b18e6a,Atlassian Marketplace,https://marketplace.atlassian.com/,,marketplace.atlassian.com,92,nofollow,Marketplace,free,Ahrefs (source-reported),https://github.com/alvinunreal/awesome-submitlist/blob/main/data/destinations.json,2026-09-18,2026-09-14,,needs-research,"Requires a suitable app, integration, extension, deal, or seller account for this platform; not a generic backlink submission.",,False
d_7ae1ad032028f377,Aura++,https://auraplusplus.com/,https://auraplusplus.com/projects/submit,auraplusplus.com,72,follow,Launch,free,Ahrefs (source-reported),https://github.com/alvinunreal/awesome-submitlist/blob/main/data/destinations.json,2026-09-18,2026-09-14,,source-reported,"Source-reported route and metrics. Review current eligibility, terms, pricing, and the exact published backlink.",DR sources disagree,False
d_0867992d6563a8f3,Awesome AI Tools,https://github.com/mahseema/awesome-ai-tools,https://github.com/mahseema/awesome-ai-tools,github.com,,unknown,Developer,unknown,Source-reported DR; provider not independently verified,https://github.com/theshubh77/awesome-saas-directories,2026-09-18,,,source-reported,"Read contribution requirements; submit a relevant pull request, not a promotional issue.",Source path requires review,False
d_d7cad54ef8c1ea92,Awesome Aussie,https://github.com/AdamXweb/awesome-aussie,https://github.com/AdamXweb/awesome-aussie,github.com,,unknown,Developer,unknown,Source-reported DR; provider not independently verified,https://github.com/theshubh77/awesome-saas-directories,2026-09-18,,,source-reported,"Read contribution requirements; submit a relevant pull request, not a promotional issue.",,False
d_d6f677cdf7d348dd,Awesome Tools,https://awesome.tools/,,awesome.tools,41,follow,Directory,unknown,Unverified; source describes Ahrefs-style DR,https://github.com/mezmer90/saas-directories/blob/main/saas-directories.csv,2026-09-18,,,needs-research,,,False
d_aae7336d8f1f5663,awesome-ai-coding-tools,https://github.com/tokyo-dal/awesome-ai-coding-tools,,github.com,,unknown,Developer,unknown,No DR supplied by this source,https://github.com/best-of-ai/ai-directories/blob/main/README.md,2026-09-18,,,needs-research,"Listed by Best Of AI. Submission route, current eligibility, price, DR, and actual link attributes require research unless another source supplies them.",Source path requires review,False
d_9b7a618444cb9f30,AwesomeIndie,https://awesomeindie.com/,,awesomeindie.com,26,nofollow,Directory,unknown,Unverified; source describes Ahrefs-style DR,https://github.com/mezmer90/saas-directories/blob/main/saas-directories.csv,2026-09-18,,,needs-research,,,False
d_ad345243016ea386,Awwwards,https://awwwards.com/,https://www.awwwards.com/submit/,awwwards.com,89,follow,Design,paid,Ahrefs (source-reported),https://github.com/alvinunreal/awesome-submitlist/blob/main/data/destinations.json,2026-09-18,2026-09-14,,source-reported,Live website submitted for design evaluation; paid submission does not guarantee an award.,,False
d_0ff2ee6e23b714a5,B2B Stack,https://b2bstack.com/,,b2bstack.com,,unknown,Directory,unknown,Not supplied by source,https://github.com/mezmer90/saas-directories/blob/main/saas-directories.csv,2026-09-18,,,needs-research,,,False
d_606069602977bc48,B2B Stack,https://b2bstack.com.br/,https://www.b2bstack.com.br/produto/novo-item,b2bstack.com.br,59,nofollow,Review,free,Ahrefs (source-reported),https://github.com/alvinunreal/awesome-submitlist/blob/main/data/destinations.json,2026-09-18,2026-09-14,,source-reported,"Source-reported route and metrics. Review current eligibility, terms, pricing, and the exact published backlink.",,False
d_246c21712e5b7911,Backl,https://backl.io/,,backl.io,,unknown,Directory,unknown,Not supplied by source,https://github.com/mezmer90/saas-directories/blob/main/saas-directories.csv,2026-09-18,,,needs-research,,,False
d_e64f5ccbbf3901f1,BAI.tools,https://bai.tools/,,bai.tools,48,follow,Directory,freemium,Unverified; source describes Ahrefs-style DR,https://github.com/mezmer90/saas-directories/blob/main/saas-directories.csv,2026-09-18,,,needs-research,,,False
d_601367e66900b571,Based Tools,https://basedtools.ai/,,basedtools.ai,,unknown,AI,unknown,Not supplied by source,https://github.com/mezmer90/saas-directories/blob/main/saas-directories.csv,2026-09-18,,,needs-research,,,False
d_90b0ad50a841a934,Behance,https://behance.net/,,behance.net,94,nofollow,Design,free,Ahrefs (source-reported),https://github.com/alvinunreal/awesome-submitlist/blob/main/data/destinations.json,2026-09-18,2026-09-14,,needs-research,Showcase original creative work; not a generic SaaS link dump.,,False
d_1afae8ecbecdd6f0,Being Guru,https://www.beingguru.com/submit-startu,,beingguru.com,25,follow,Directory,unknown,Unverified; source describes Ahrefs-style DR,https://github.com/mezmer90/saas-directories/blob/main/saas-directories.csv,2026-09-18,,,needs-research,,Submission path may be truncated; Source path requires review,False
d_c2420319f7466911,Ben's Bites,https://bensbites.com/,,bensbites.com,53,follow,Newsletter,freemium,Unverified; source describes Ahrefs-style DR,https://github.com/mezmer90/saas-directories/blob/main/saas-directories.csv,2026-09-18,,,needs-research,,,False
d_bef88f01be4ee0d9,Best AI Tools,https://best-ai-tools.org/,,best-ai-tools.org,,unknown,AI,unknown,Not supplied by source,https://github.com/mezmer90/saas-directories/blob/main/saas-directories.csv,2026-09-18,,,needs-research,,,False
d_38d3967611d6bd29,Best Apps for Kids,https://www.bestappsforkids.com/submit,,bestappsforkids.com,42,nofollow,Directory,unknown,Unverified; source describes Ahrefs-style DR,https://github.com/mezmer90/saas-directories/blob/main/saas-directories.csv,2026-09-18,,,needs-research,,Source path requires review,False
d_8a17f99dcf1465b7,Best of AI,https://bestofai.io/,,bestofai.io,,unknown,Directory,unknown,Not supplied by source,https://github.com/mezmer90/saas-directories/blob/main/saas-directories.csv,2026-09-18,,,needs-research,,,False
d_2515c0456f94f33d,Best of Web,https://www.bestofweb.site/,,bestofweb.site,35,nofollow,Directory,unknown,Unverified; source describes Ahrefs-style DR,https://github.com/mezmer90/saas-directories/blob/main/saas-directories.csv,2026-09-18,,,needs-research,,,False
d_8b36d3b9463daff5,bestaibrands.com,https://bestaibrands.com/,,bestaibrands.com,,unknown,Directory,unknown,Not supplied by source,https://github.com/mezmer90/saas-directories/blob/main/saas-directories.csv,2026-09-18,,,needs-research,,,False
d_38bdb1a0eaa5cadb,BestofAI,https://bestofai.com/,,bestofai.com,42,follow,AI,free,Ahrefs (source-reported),https://github.com/alvinunreal/awesome-submitlist/blob/main/data/destinations.json,2026-09-18,2026-09-14,,needs-research,"Source-reported route and metrics. Review current eligibility, terms, pricing, and the exact published backlink.",DR sources disagree,False
d_a6f00f058e9add35,BetaBound,https://betabound.com/,,betabound.com,55,nofollow,Directory,unknown,Unverified; source describes Ahrefs-style DR,https://github.com/mezmer90/saas-directories/blob/main/saas-directories.csv,2026-09-18,,,needs-research,,,False
d_e5f730c4629b5312,BetaKit,https://betakit.com/,,betakit.com,63,follow,Press,unknown,Unverified; source describes Ahrefs-style DR,https://github.com/mezmer90/saas-directories/blob/main/saas-directories.csv,2026-09-18,,,needs-research,"Editorial/media prospect, not a guaranteed submission form. Find a relevant angle and the current pitch policy.",,False
d_91ab035858d6d15a,BetaList,https://betalist.com/,https://betalist.com/submit,betalist.com,76,follow,Launch,paid,Ahrefs (source-reported),https://github.com/alvinunreal/awesome-submitlist/blob/main/data/destinations.json,2026-09-18,2026-09-14,,source-reported,"Source-reported route and metrics. Review current eligibility, terms, pricing, and the exact published backlink.",DR sources disagree,False
d_60bec7acad63e7cb,BetaPage,https://betapage.co/,,betapage.co,58,follow,Directory,unknown,Unverified; source describes Ahrefs-style DR,https://github.com/mezmer90/saas-directories/blob/main/saas-directories.csv,2026-09-18,,,needs-research,,,False
d_03fe689161063e50,BetaTesting,https://betatesting.com/,,betatesting.com,55,nofollow,Marketplace,paid,Ahrefs (source-reported),https://github.com/alvinunreal/awesome-submitlist/blob/main/data/destinations.json,2026-09-18,2026-09-14,,needs-research,"Requires a suitable app, integration, extension, deal, or seller account for this platform; not a generic backlink submission.",,False
d_9abcd1bfc4cf1549,Better Business Bureau,https://bbb.org/,https://www.bbb.org/get-listed,bbb.org,93,nofollow,Local business,free,Ahrefs (source-reported),https://github.com/alvinunreal/awesome-submitlist/blob/main/data/destinations.json,2026-09-18,2026-09-14,,source-reported,Business-profile eligibility and geography must be checked; accreditation is separate.,,False
d_37588266a3fbb647,Better Buys,https://betterbuys.com/,,betterbuys.com,50,nofollow,Review,unknown,Unverified; source describes Ahrefs-style DR,https://github.com/mezmer90/saas-directories/blob/main/saas-directories.csv,2026-09-18,,,needs-research,,,False
d_78bef481d699c631,Better Launch,https://www.betterlaunch.co/,https://www.betterlaunch.co/submit,betterlaunch.co,60,unknown,Directory,unknown,Source-reported DR; provider not independently verified,https://github.com/theshubh77/awesome-saas-directories,2026-09-18,,,source-reported,"Source lists this route; acceptance, pricing, and current requirements need checking.",,False
d_8dce5a516b12c25e,Beyond AI Tools,https://beyondaitools.com/,,beyondaitools.com,,unknown,AI,unknown,Not supplied by source,https://github.com/mezmer90/saas-directories/blob/main/saas-directories.csv,2026-09-18,,,needs-research,,,False
d_284acf3c70829f68,BiggerPockets,https://biggerpockets.com/,https://www.biggerpockets.com/signup,biggerpockets.com,80,unknown,Community,free,Ahrefs (source-reported),https://github.com/alvinunreal/awesome-submitlist/blob/main/data/destinations.json,2026-09-18,2026-09-14,,source-reported,Real-estate community. Only relevant products and permitted participation.,,False
d_4ad93831b576fd14,Bloombuzz,https://bloombuzz.in/joinus,,bloombuzz.in,15,follow,Directory,unknown,Unverified; source describes Ahrefs-style DR,https://github.com/mezmer90/saas-directories/blob/main/saas-directories.csv,2026-09-18,,,needs-research,,Source path requires review,False
d_f72f1770f821e824,Boing Boing,https://boingboing.net/,,boingboing.net,86,follow,Press,unknown,Unverified; source describes Ahrefs-style DR,https://github.com/mezmer90/saas-directories/blob/main/saas-directories.csv,2026-09-18,,,needs-research,"Editorial/media prospect, not a guaranteed submission form. Find a relevant angle and the current pitch policy.",,False
d_eb91019c533b5c98,Bootstrappers,https://bootstrappers.io/,,bootstrappers.io,38,nofollow,Directory,unknown,Unverified; source describes Ahrefs-style DR,https://github.com/mezmer90/saas-directories/blob/main/saas-directories.csv,2026-09-18,,,needs-research,,,False
d_978827a9cd6c315d,Bowora,https://bowora.com/,https://bowora.com/register,bowora.com,49,unknown,Directory,unknown,Source-reported DR; provider not independently verified,https://github.com/theshubh77/awesome-saas-directories,2026-09-18,,,source-reported,"Source lists this route; acceptance, pricing, and current requirements need checking.",,False
d_e8457a43338249d4,Breakout List,https://breakoutlist.com/,,breakoutlist.com,45,nofollow,Directory,unknown,Unverified; source describes Ahrefs-style DR,https://github.com/mezmer90/saas-directories/blob/main/saas-directories.csv,2026-09-18,,,needs-research,,,False
d_dc8b37624dd3ed9a,Bro Find AI,https://brofindai.com/,https://brofindai.com/submit,brofindai.com,10,unknown,Directory,unknown,Source-reported DR; provider not independently verified,https://github.com/theshubh77/awesome-saas-directories,2026-09-18,,,source-reported,,,False
d_a59f85841daee604,BroUseAI,https://brouseai.com/,https://www.brouseai.com/submission/ai,brouseai.com,10,follow,AI,free,Ahrefs (source-reported),https://github.com/alvinunreal/awesome-submitlist/blob/main/data/destinations.json,2026-09-18,2026-09-14,,source-reported,"Source-reported route and metrics. Review current eligibility, terms, pricing, and the exact published backlink.",DR sources disagree,False
d_c5923bc6bec8ac7f,Brownbook,https://www.brownbook.net/,,brownbook.net,79,follow,Local business,freemium,Unverified; source describes Ahrefs-style DR,https://github.com/mezmer90/saas-directories/blob/main/saas-directories.csv,2026-09-18,,,needs-research,,,False
d_acd2a8ccbd0f4a3b,BufferApps,https://bufferapps.com/,,bufferapps.com,20,follow,Directory,unknown,Unverified; source describes Ahrefs-style DR,https://github.com/mezmer90/saas-directories/blob/main/saas-directories.csv,2026-09-18,,,needs-research,,,False
d_f9b23ef459fbf77e,Builders.to,https://builders.to/,https://builders.to/projects/new,builders.to,46,unknown,Directory,unknown,Source-reported DR; provider not independently verified,https://github.com/theshubh77/awesome-saas-directories,2026-09-18,,,source-reported,"Source lists this route; acceptance, pricing, and current requirements need checking.",,False
d_c93f70ea2d655640,BuildHop,https://buildhop.io/,https://buildhop.io/app/create,buildhop.io,50,unknown,Directory,unknown,Source-reported DR; provider not independently verified,https://github.com/theshubh77/awesome-saas-directories,2026-09-18,,,source-reported,"Source lists this route; acceptance, pricing, and current requirements need checking.",,False
d_075103ee145076ed,BuildVoyage,https://buildvoyage.com/,https://buildvoyage.com/submit,buildvoyage.com,27,nofollow,Directory,unknown,Unverified; source describes Ahrefs-style DR,https://github.com/mezmer90/saas-directories/blob/main/saas-directories.csv,2026-09-18,,,source-reported,,DR sources disagree,False
d_f025deca824d22a8,Built In,https://builtin.com/expert-contributors,https://knowledgebase.builtin.com/s/article/How-do-I-create-a-company-profile,builtin.com,86,nofollow,Directory,free,Ahrefs (source-reported),https://github.com/alvinunreal/awesome-submitlist/blob/main/data/destinations.json,2026-09-18,2026-09-14,,source-reported,Technology employer/company profile; this URL is an instruction page.,Source path requires review; DR sources disagree; Link sources disagree,False
d_db5380d1c08774fc,Built In Chicago,https://builtinchicago.org/,https://knowledgebase.builtin.com/s/article/How-do-I-claim-my-company-profile,builtinchicago.org,72,nofollow,Local business,free,Ahrefs (source-reported),https://github.com/alvinunreal/awesome-submitlist/blob/main/data/destinations.json,2026-09-18,2026-09-14,,source-reported,"Geographic, business-type, and identity requirements apply; not suitable for every online-only business.",,False
d_e4bc433b2107609d,BuiltByIndies,https://builtbyindies.com/,https://builtbyindies.com/submit,builtbyindies.com,33,unknown,Directory,unknown,Source-reported DR; provider not independently verified,https://github.com/theshubh77/awesome-saas-directories,2026-09-18,,,source-reported,"Source lists this route; acceptance, pricing, and current requirements need checking.",,False
d_338a6e9baf1eea11,builtbyme.io,https://builtbyme.io/,,builtbyme.io,,unknown,Directory,unknown,Not supplied by source,https://github.com/mezmer90/saas-directories/blob/main/saas-directories.csv,2026-09-18,,,needs-research,,,False
d_b46684d0c0159179,BuiltWith,https://builtwith.com/,,builtwith.com,,unknown,Directory,unknown,Not supplied by source,https://github.com/mezmer90/saas-directories/blob/main/saas-directories.csv,2026-09-18,,,needs-research,,,False
d_1b97939d340155de,Bulletin,https://bulletin.so/,,bulletin.so,38,follow,Directory,unknown,Unverified; source describes Ahrefs-style DR,https://github.com/mezmer90/saas-directories/blob/main/saas-directories.csv,2026-09-18,,,needs-research,,,False
d_84825506c1a96628,Business 2 Community,https://www.business2community.com/;,,business2community.com,68,nofollow,Directory,unknown,Unverified; source describes Ahrefs-style DR,https://github.com/mezmer90/saas-directories/blob/main/saas-directories.csv,2026-09-18,,,needs-research,,Submission path may be truncated; Source path requires review,False
d_9d9788cfdbcb3c0e,Business Insider,https://www.businessinsider.in/contributors,,businessinsider.in,92,nofollow,Press,unknown,Unverified; source describes Ahrefs-style DR,https://github.com/mezmer90/saas-directories/blob/main/saas-directories.csv,2026-09-18,,,needs-research,"Editorial/media prospect, not a guaranteed submission form. Find a relevant angle and the current pitch policy.",Source path requires review,False
d_adb6e8751b415bb9,Business Insider,https://businessinsider.com/,,businessinsider.com,,unknown,Directory,unknown,Not supplied by source,https://github.com/mezmer90/saas-directories/blob/main/saas-directories.csv,2026-09-18,,,needs-research,,,False
d_ee1e4c9efce9220b,Business-Software.com,https://www.business-software.com/add-,https://www.business-software.com/add-your-product/,business-software.com,51,nofollow,Review,free,Ahrefs (source-reported),https://github.com/alvinunreal/awesome-submitlist/blob/main/data/destinations.json,2026-09-18,2026-09-14,,source-reported,"Source-reported route and metrics. Review current eligibility, terms, pricing, and the exact published backlink.",Submission path may be truncated; Source path requires review; DR sources disagree,False
d_403c4fe711811fd9,BusinessWith,https://businesswith.com/,https://hub.businesswith.com/,businesswith.com,48,unknown,Review,unknown,Ahrefs (source-reported),https://github.com/alvinunreal/awesome-submitlist/blob/main/data/destinations.json,2026-09-18,2026-09-14,,source-reported,"Source-reported route and metrics. Review current eligibility, terms, pricing, and the exact published backlink.",,False
d_3a1f55fa4d1dad99,BuzzFeed News,https://www.buzzfeednews.com/,,buzzfeednews.com,92,nofollow,Press,unknown,Unverified; source describes Ahrefs-style DR,https://github.com/mezmer90/saas-directories/blob/main/saas-directories.csv,2026-09-18,,,needs-research,"Editorial/media prospect, not a guaranteed submission form. Find a relevant angle and the current pitch policy.",,False
d_5378fc7b6446ccb8,Byblos AI,https://byblosai.com/,,byblosai.com,,unknown,Directory,unknown,Not supplied by source,https://github.com/mezmer90/saas-directories/blob/main/saas-directories.csv,2026-09-18,,,needs-research,,,False
d_41ffd5bc2b712bba,CabinetM,https://www.cabinetm.com/information/m,,cabinetm.com,42,nofollow,Directory,unknown,Unverified; source describes Ahrefs-style DR,https://github.com/mezmer90/saas-directories/blob/main/saas-directories.csv,2026-09-18,,,needs-research,,Submission path may be truncated; Source path requires review,False
d_89a4bbb2eacab5e8,Callupcontact,https://www.callupcontact.com/,,callupcontact.com,76,follow,Local business,freemium,Unverified; source describes Ahrefs-style DR,https://github.com/mezmer90/saas-directories/blob/main/saas-directories.csv,2026-09-18,,,needs-research,,,False
d_fa23dd140c0caa38,Capterra,https://www.capterra.com/,https://app.g2digitalmarkets.com/get-listed/start,capterra.com,91,follow,Review,free,Ahrefs (source-reported),https://github.com/alvinunreal/awesome-submitlist/blob/main/data/destinations.json,2026-09-18,2026-09-14,,source-reported,B2B software listing. Shared vendor intake does not imply separate approval on every site.,DR sources disagree; Link sources disagree,False
d_21b74e0c84e41094,Changelog,http://changelog.com/sponsor/pricing,,changelog.com,72,nofollow,Directory,unknown,Unverified; source describes Ahrefs-style DR,https://github.com/mezmer90/saas-directories/blob/main/saas-directories.csv,2026-09-18,,,needs-research,,Source uses HTTP; Source path requires review,False
d_4e18da41d84f17b1,ChooseTheAI,https://choosetheai.com/,,choosetheai.com,,unknown,Directory,unknown,Not supplied by source,https://github.com/mezmer90/saas-directories/blob/main/saas-directories.csv,2026-09-18,,,needs-research,,,False
d_8ed5f20fb00ec860,Chrome Web Store,https://chromewebstore.google.com/,https://chrome.google.com/webstore/devconsole,chromewebstore.google.com,99,follow,Marketplace,paid,Ahrefs (source-reported),https://github.com/alvinunreal/awesome-submitlist/blob/main/data/destinations.json,2026-09-18,2026-09-14,,source-reported,"Requires a suitable app, integration, extension, deal, or seller account for this platform; not a generic backlink submission.",,False
d_2bfe13f86dd6a46c,Cipinet,https://www.cipinet.com/suggest.php?ac,,cipinet.com,30,follow,Directory,unknown,Unverified; source describes Ahrefs-style DR,https://github.com/mezmer90/saas-directories/blob/main/saas-directories.csv,2026-09-18,,,needs-research,,Source path requires review,False
d_647ae72bcdd79684,CitedIndex,https://citedindex.com/,https://citedindex.com/submit,citedindex.com,9,unknown,Directory,unknown,Source-reported DR; provider not independently verified,https://github.com/theshubh77/awesome-saas-directories,2026-09-18,,,source-reported,,,False
d_32c12eaa9ad17956,ClaudePro.directory,https://claudepro.directory/,,claudepro.directory,,unknown,Directory,unknown,Not supplied by source,https://github.com/mezmer90/saas-directories/blob/main/saas-directories.csv,2026-09-18,,,needs-research,,,False
d_d0bee3127120b909,Cloudbooklet,https://cloudbooklet.net/,,cloudbooklet.net,,unknown,Directory,unknown,Not supplied by source,https://github.com/mezmer90/saas-directories/blob/main/saas-directories.csv,2026-09-18,,,needs-research,,,False
d_3652a8738b1d3a90,Cloudwards,https://cloudwards.net/,,cloudwards.net,73,nofollow,Press,unknown,Unverified; source describes Ahrefs-style DR,https://github.com/mezmer90/saas-directories/blob/main/saas-directories.csv,2026-09-18,,,needs-research,"Editorial/media prospect, not a guaranteed submission form. Find a relevant angle and the current pitch policy.",,False
d_3227fb297603c3d9,Clutch,https://clutch.co/review,https://clutch.co/get-listed,clutch.co,91,nofollow,Review,free,Ahrefs (source-reported),https://github.com/alvinunreal/awesome-submitlist/blob/main/data/destinations.json,2026-09-18,2026-09-14,,source-reported,Primarily professional service providers; confirm product eligibility.,Source path requires review; DR sources disagree,False
d_fa529c1c360dce16,CNET,https://www.cnet.com/,,cnet.com,92,nofollow,Press,unknown,Unverified; source describes Ahrefs-style DR,https://github.com/mezmer90/saas-directories/blob/main/saas-directories.csv,2026-09-18,,,needs-research,"Editorial/media prospect, not a guaranteed submission form. Find a relevant angle and the current pitch policy.",,False
d_8778857d8cef5018,CNET Download.com,https://download.cnet.com/,https://download.cnet.com/add-your-software/,download.cnet.com,91,nofollow,Developer,free,Ahrefs (source-reported),https://github.com/alvinunreal/awesome-submitlist/blob/main/data/destinations.json,2026-09-18,2026-09-14,,source-reported,Software-distribution catalog; check platform and download requirements.,,False
d_8e16eefe909ba437,code.market,https://code.market/,,code.market,,unknown,Directory,unknown,Not supplied by source,https://github.com/mezmer90/saas-directories/blob/main/saas-directories.csv,2026-09-18,,,needs-research,,,False
d_638705a4499d3262,CoFoundersLab,https://cofounderslab.com/,,cofounderslab.com,62,nofollow,Community,free,Ahrefs (source-reported),https://github.com/alvinunreal/awesome-submitlist/blob/main/data/destinations.json,2026-09-18,2026-09-14,,needs-research,Founder and advisor networking profiles.,DR sources disagree,False
d_74fddb6ef562bf5b,CogList,https://coglist.com/,,coglist.com,,unknown,Directory,unknown,Not supplied by source,https://github.com/mezmer90/saas-directories/blob/main/saas-directories.csv,2026-09-18,,,needs-research,,,False
d_c8f641b4fe9409df,Coin Scribble,http://coinscribble.com/contact,,coinscribble.com,25,nofollow,Directory,unknown,Unverified; source describes Ahrefs-style DR,https://github.com/mezmer90/saas-directories/blob/main/saas-directories.csv,2026-09-18,,,needs-research,,Source uses HTTP; Source path requires review,False
d_4723bd52803d08a5,Coindoo,https://coindoo.com/submit-press-releast,,coindoo.com,35,nofollow,Press,unknown,Unverified; source describes Ahrefs-style DR,https://github.com/mezmer90/saas-directories/blob/main/saas-directories.csv,2026-09-18,,,needs-research,"Editorial/media prospect, not a guaranteed submission form. Find a relevant angle and the current pitch policy.",Submission path may be truncated; Source path requires review,False
d_22faec67e4f2bd89,Collaborizm,https://www.collaborizm.com/,,collaborizm.com,35,nofollow,Directory,unknown,Unverified; source describes Ahrefs-style DR,https://github.com/mezmer90/saas-directories/blob/main/saas-directories.csv,2026-09-18,,,needs-research,,,False
d_5e073de906a9100a,Colors and Fonts,https://colorsandfonts.com/,,colorsandfonts.com,,unknown,Directory,unknown,Not supplied by source,https://github.com/mezmer90/saas-directories/blob/main/saas-directories.csv,2026-09-18,,,needs-research,,,False
d_ade4e6c41073db55,ComparaSoftware,https://www.comparasoftware.com/,,comparasoftware.com,38,nofollow,Review,unknown,Unverified; source describes Ahrefs-style DR,https://github.com/mezmer90/saas-directories/blob/main/saas-directories.csv,2026-09-18,,,needs-research,,,False
d_7938129c0a6ec44a,ConfettiSaaS,https://confettisaas.com/,https://confettisaas.com/submit,confettisaas.com,30,follow,Directory,unknown,Unverified; source describes Ahrefs-style DR,https://github.com/mezmer90/saas-directories/blob/main/saas-directories.csv,2026-09-18,,,source-reported,,DR sources disagree,False
d_6afe3ebb8e6ecb66,Cool Startups,https://coolstartups.io/,,coolstartups.io,,unknown,Directory,unknown,Not supplied by source,https://github.com/mezmer90/saas-directories/blob/main/saas-directories.csv,2026-09-18,,,needs-research,,,False
d_7fd4cc7a8492dafc,Cool Startups XYZ,https://coolstartups.xyz/,,coolstartups.xyz,,unknown,Directory,unknown,Not supplied by source,https://github.com/mezmer90/saas-directories/blob/main/saas-directories.csv,2026-09-18,,,needs-research,,,False
d_3008933d37834603,Coop Commerce,https://www.coopcommerce.com/,,coopcommerce.com,20,follow,Directory,unknown,Unverified; source describes Ahrefs-style DR,https://github.com/mezmer90/saas-directories/blob/main/saas-directories.csv,2026-09-18,,,needs-research,,,False
d_ee6f09186e43b584,craked.dev,https://craked.dev/,https://www.craked.dev/products,craked.dev,1,unknown,Directory,unknown,Source-reported DR; provider not independently verified,https://github.com/theshubh77/awesome-saas-directories,2026-09-18,,,source-reported,,,False
d_9295ab0e7618004c,Crazy About Startups,https://crazyaboutstartups.com/,,crazyaboutstartups.com,28,follow,Directory,unknown,Unverified; source describes Ahrefs-style DR,https://github.com/mezmer90/saas-directories/blob/main/saas-directories.csv,2026-09-18,,,needs-research,,,False
d_f1ab09b8bd8a976c,Creator Supply,https://creator.supply/,,creator.supply,18,follow,Directory,unknown,Unverified; source describes Ahrefs-style DR,https://github.com/mezmer90/saas-directories/blob/main/saas-directories.csv,2026-09-18,,,needs-research,,,False
d_44349ad9412f32df,CrowdReviews,https://www.crowdreviews.com/,https://www.crowdreviews.com/verify/get-started,crowdreviews.com,66,nofollow,Review,free,Ahrefs (source-reported),https://github.com/alvinunreal/awesome-submitlist/blob/main/data/destinations.json,2026-09-18,2026-09-14,,source-reported,"Source-reported route and metrics. Review current eligibility, terms, pricing, and the exact published backlink.",DR sources disagree,False
d_323ef7ea0621f92d,Crozdesk,https://crozdesk.com/,https://vendor.revleads.com/user/signup,crozdesk.com,74,nofollow,Review,free,Ahrefs (source-reported),https://github.com/alvinunreal/awesome-submitlist/blob/main/data/destinations.json,2026-09-18,2026-09-14,,source-reported,"Source-reported route and metrics. Review current eligibility, terms, pricing, and the exact published backlink.",DR sources disagree; Link sources disagree,False
d_fbeef58a4ec03327,Crunchbase,https://www.crunchbase.com/,,crunchbase.com,89,nofollow,Directory,unknown,Unverified; source describes Ahrefs-style DR,https://github.com/mezmer90/saas-directories/blob/main/saas-directories.csv,2026-09-18,,,needs-research,,,False
d_79b6314acef166d0,CTRL ALT,https://ctrlalt.cc/,,ctrlalt.cc,38,follow,Directory,freemium,Unverified; source describes Ahrefs-style DR,https://github.com/mezmer90/saas-directories/blob/main/saas-directories.csv,2026-09-18,,,needs-research,,DR sources disagree,False
d_87a104751075283f,Cuspera,https://www.cuspera.com/vendors,https://www.cuspera.com/vendors,cuspera.com,49,nofollow,Review,free,Ahrefs (source-reported),https://github.com/alvinunreal/awesome-submitlist/blob/main/data/destinations.json,2026-09-18,2026-09-14,,source-reported,"Source-reported route and metrics. Review current eligibility, terms, pricing, and the exact published backlink.",Source path requires review; DR sources disagree,False
d_1bc870f8ecc5ec52,Cybo,https://cybo.com/,https://support.cybo.com/hc/en-us/articles/8725672371469-How-do-I-Add-a-Business,cybo.com,75,nofollow,Local business,free,Ahrefs (source-reported),https://github.com/alvinunreal/awesome-submitlist/blob/main/data/destinations.json,2026-09-18,2026-09-14,,source-reported,"Geographic, business-type, and identity requirements apply; not suitable for every online-only business.",,False
d_217e363438bbd1a2,Daily Pings,https://dailypings.com/,,dailypings.com,29,follow,Directory,unknown,Unverified; source describes Ahrefs-style DR,https://github.com/mezmer90/saas-directories/blob/main/saas-directories.csv,2026-09-18,,,needs-research,,,False
d_65444d3e0977298f,Dang AI,https://dang.ai/,,dang.ai,80,nofollow,AI,unknown,Unverified; source describes Ahrefs-style DR,https://github.com/mezmer90/saas-directories/blob/main/saas-directories.csv,2026-09-18,,,needs-research,,DR sources disagree,False
d_160577a18fee85ba,Dark,https://dark.design/,https://www.dark.design/auth/login,dark.design,42,unknown,Design,free,Ahrefs (source-reported),https://github.com/alvinunreal/awesome-submitlist/blob/main/data/destinations.json,2026-09-18,2026-09-14,,source-reported,Submit an original live design or appropriate design resource for editorial review.,,False
d_f777d6a41fe9a5b1,Dark Mode Design,https://darkmodedesign.com/,,darkmodedesign.com,40,unknown,Design,free,Ahrefs (source-reported),https://github.com/alvinunreal/awesome-submitlist/blob/main/data/destinations.json,2026-09-18,2026-09-14,,needs-research,Submit an original live design or appropriate design resource for editorial review.,,False
d_d421fe55d60ab7e6,DataLook,https://datalook.io/,,datalook.io,,unknown,Directory,unknown,Not supplied by source,https://github.com/mezmer90/saas-directories/blob/main/saas-directories.csv,2026-09-18,,,needs-research,,,False
d_a59d46f348eeb5cf,Dealify,https://dealify.com/,https://dealify.com/pages/run-a-deal,dealify.com,58,unknown,Marketplace,paid,Ahrefs (source-reported),https://github.com/alvinunreal/awesome-submitlist/blob/main/data/destinations.json,2026-09-18,2026-09-14,,source-reported,"Requires a suitable app, integration, extension, deal, or seller account for this platform; not a generic backlink submission.",,False
d_f4e090d859c18e3e,Deeplaunch,https://deeplaunch.io/,,deeplaunch.io,,unknown,Directory,unknown,Not supplied by source,https://github.com/mezmer90/saas-directories/blob/main/saas-directories.csv,2026-09-18,,,needs-research,,,False
d_dc6595836c6223e6,Demos.co,https://demos.co/,,demos.co,,unknown,Directory,unknown,Not supplied by source,https://github.com/mezmer90/saas-directories/blob/main/saas-directories.csv,2026-09-18,,,needs-research,,,False
d_aa13322a9f4cc1de,Dense Discovery,https://densediscovery.com/,,densediscovery.com,,unknown,Newsletter,unknown,Not supplied by source,https://github.com/alvinunreal/awesome-submitlist/blob/main/data/destinations.json,2026-09-18,2026-09-14,,needs-research,"Design, technology, and culture recommendations; editorial or sponsorship route requires research.",,False
d_de5d68173adbb501,Desifounder,https://desifounder.com/,,desifounder.com,,unknown,Directory,unknown,Not supplied by source,https://github.com/mezmer90/saas-directories/blob/main/saas-directories.csv,2026-09-18,,,needs-research,,Source path requires review,False
d_1e9534f6678938f2,Designer News,https://designernews.co/,,designernews.co,72,nofollow,Design,unknown,Unverified; source describes Ahrefs-style DR,https://github.com/mezmer90/saas-directories/blob/main/saas-directories.csv,2026-09-18,,,needs-research,,,False
d_c49a91e9dc392882,Designspiration,https://designspiration.com/,,designspiration.com,78,unknown,Design,free,Ahrefs (source-reported),https://github.com/alvinunreal/awesome-submitlist/blob/main/data/destinations.json,2026-09-18,2026-09-14,,needs-research,Original visual inspiration and creative-work sharing.,,False
d_7e6edb15ce2d9c8c,dessign.net,https://dessign.net/,,dessign.net,,unknown,AI,unknown,No DR supplied by this source,https://github.com/best-of-ai/ai-directories/blob/main/README.md,2026-09-18,,,needs-research,"Listed by Best Of AI. Submission route, current eligibility, price, DR, and actual link attributes require research unless another source supplies them.",,False
d_48023251c6f1cb0a,DEV Community,https://dev.to/,https://dev.to/new,dev.to,90,follow,Community,freemium,Unverified; source describes Ahrefs-style DR,https://github.com/mezmer90/saas-directories/blob/main/saas-directories.csv,2026-09-18,,,source-reported,,DR sources disagree,False
d_b669534ab858b1fd,Dev Pages,https://devpages.io/,https://devpages.io/submit-a-tool,devpages.io,38,follow,Developer,unknown,Unverified; source describes Ahrefs-style DR,https://github.com/mezmer90/saas-directories/blob/main/saas-directories.csv,2026-09-18,,,source-reported,,DR sources disagree,False
d_8ea8f8d4b01ec918,Dev Resources,https://devresourc.es/,,devresourc.es,45,follow,Developer,unknown,Unverified; source describes Ahrefs-style DR,https://github.com/mezmer90/saas-directories/blob/main/saas-directories.csv,2026-09-18,,,needs-research,,,False
d_64cf0ca3e4d8145e,DevHunt,https://devhunt.org/,https://devhunt.org/account/tools/new,devhunt.org,63,follow,Developer,free,Ahrefs (source-reported),https://github.com/alvinunreal/awesome-submitlist/blob/main/data/destinations.json,2026-09-18,2026-09-14,,source-reported,"Source-reported route and metrics. Review current eligibility, terms, pricing, and the exact published backlink.",DR sources disagree; Link sources disagree,False
d_81d44e7683b0b45c,Devpost,https://devpost.com/software,https://devpost.com/software/new?flow%5Bname%5D=add_software&ref_feature=built-with&ref_medium=button,devpost.com,88,nofollow,Developer,free,Ahrefs (source-reported),https://github.com/alvinunreal/awesome-submitlist/blob/main/data/destinations.json,2026-09-18,2026-09-14,,source-reported,Publish a real software project; hackathons have separate rules and deadlines.,Source path requires review; DR sources disagree,False
d_8bcb3c1f71a8269d,Digg,https://digg.com/,,digg.com,85,nofollow,Directory,unknown,Unverified; source describes Ahrefs-style DR,https://github.com/mezmer90/saas-directories/blob/main/saas-directories.csv,2026-09-18,,,needs-research,,,False
d_2380158eb098a628,Digital Trends,https://www.digitaltrends.com/,,digitaltrends.com,89,nofollow,Press,unknown,Unverified; source describes Ahrefs-style DR,https://github.com/mezmer90/saas-directories/blob/main/saas-directories.csv,2026-09-18,,,needs-research,"Editorial/media prospect, not a guaranteed submission form. Find a relevant angle and the current pitch policy.",,False
d_46508170911ec661,Direct2App,https://direct2app.com/,,direct2app.com,,unknown,Directory,unknown,Not supplied by source,https://github.com/mezmer90/saas-directories/blob/main/saas-directories.csv,2026-09-18,,,needs-research,,,False
d_a4c14a44a421bc9c,Directory Web Promotion,https://www.directorywebpromotion.com/,,directorywebpromotion.com,56,follow,Directory,freemium,Unverified; source describes Ahrefs-style DR,https://github.com/mezmer90/saas-directories/blob/main/saas-directories.csv,2026-09-18,,,needs-research,,,False
d_1c262d7ef01d1e88,Directory-Free,https://www.directory-free.com/,,directory-free.com,32,follow,Directory,freemium,Unverified; source describes Ahrefs-style DR,https://github.com/mezmer90/saas-directories/blob/main/saas-directories.csv,2026-09-18,,,needs-research,,,False
d_ca904965e31ed75e,Dirs.cc,https://dirs.cc/,,dirs.cc,18,follow,Directory,free,Unverified; source describes Ahrefs-style DR,https://github.com/mezmer90/saas-directories/blob/main/saas-directories.csv,2026-09-18,,,needs-research,,,False
d_3950c2c616c3a587,Discover Cloud,https://www.discovercloud.com/become-,,discovercloud.com,35,nofollow,Directory,unknown,Unverified; source describes Ahrefs-style DR,https://github.com/mezmer90/saas-directories/blob/main/saas-directories.csv,2026-09-18,,,needs-research,,Submission path may be truncated; Source path requires review,False
d_593b080b0205e8d0,Discover CRM,https://discovercrm.com/,,discovercrm.com,28,follow,Review,unknown,Unverified; source describes Ahrefs-style DR,https://github.com/mezmer90/saas-directories/blob/main/saas-directories.csv,2026-09-18,,,needs-research,,,False
d_cb1c62235da8c07d,Discover Our Town,http://www.discoverourtown.com/add,,discoverourtown.com,28,follow,Local business,unknown,Unverified; source describes Ahrefs-style DR,https://github.com/mezmer90/saas-directories/blob/main/saas-directories.csv,2026-09-18,,,needs-research,,Source uses HTTP; Source path requires review,False
d_b543f93a288c2e59,DodoMRR,https://www.dodomrr.com/,,dodomrr.com,1,unknown,Directory,unknown,Source-reported DR; provider not independently verified,https://github.com/theshubh77/awesome-saas-directories,2026-09-18,,,needs-research,"Source lists this route; acceptance, pricing, and current requirements need checking.",,False
d_b7f1faf0c0d99978,Dofollow Tools,https://dofollow.tools/,,dofollow.tools,,unknown,Directory,unknown,Not supplied by source,https://github.com/mezmer90/saas-directories/blob/main/saas-directories.csv,2026-09-18,,,needs-research,,,False
d_c10fd50ad0297048,Dribbble,https://dribbble.com/,,dribbble.com,93,nofollow,Design,free,Ahrefs (source-reported),https://github.com/alvinunreal/awesome-submitlist/blob/main/data/destinations.json,2026-09-18,2026-09-14,,needs-research,Design work and portfolio presentation; respect platform rules.,,False
d_dbc9868ec4af3032,Dynamite AI,https://dynamite-ai.com/,,dynamite-ai.com,,unknown,Directory,unknown,Not supplied by source,https://github.com/mezmer90/saas-directories/blob/main/saas-directories.csv,2026-09-18,,,needs-research,,,False
d_aff9bae420c32973,e27,https://e27.co/,https://e27.co/startup/create/profile/,e27.co,76,follow,Community,free,Ahrefs (source-reported),https://github.com/alvinunreal/awesome-submitlist/blob/main/data/destinations.json,2026-09-18,2026-09-14,,source-reported,"Source-reported route and metrics. Review current eligibility, terms, pricing, and the exact published backlink.",DR sources disagree,False
d_b8dac381eb31d24b,Earlyhunt,https://earlyhunt.com/,https://earlyhunt.com/submit,earlyhunt.com,63,unknown,Directory,unknown,Source-reported DR; provider not independently verified,https://github.com/theshubh77/awesome-saas-directories,2026-09-18,,,source-reported,"Source lists this route; acceptance, pricing, and current requirements need checking.",,False
d_bf6acde921efd413,Easy With AI,https://easywithai.com/,https://easywithai.com/submit-tool/,easywithai.com,59,follow,AI,paid,Ahrefs (source-reported),https://github.com/alvinunreal/awesome-submitlist/blob/main/data/destinations.json,2026-09-18,2026-09-14,,source-reported,"Source-reported route and metrics. Review current eligibility, terms, pricing, and the exact published backlink.",,False
d_871f993a45f266c9,eBool,https://www.ebool.com/submit,https://www.ebool.com/submit,ebool.com,51,follow,Directory,free,Ahrefs (source-reported),https://github.com/alvinunreal/awesome-submitlist/blob/main/data/destinations.json,2026-09-18,2026-09-14,,source-reported,"Source-reported route and metrics. Review current eligibility, terms, pricing, and the exact published backlink.",Source path requires review; DR sources disagree,False
d_86aa7e96d3c51284,Ecomm Design,https://ecomm.design/,https://ecomm.design/submit/,ecomm.design,71,follow,Design,free,Ahrefs (source-reported),https://github.com/alvinunreal/awesome-submitlist/blob/main/data/destinations.json,2026-09-18,2026-09-14,,source-reported,Submit an original live design or appropriate design resource for editorial review.,,False
d_70b824014b9c6607,Efficient App,https://efficient.app/,,efficient.app,32,follow,Review,unknown,Unverified; source describes Ahrefs-style DR,https://github.com/mezmer90/saas-directories/blob/main/saas-directories.csv,2026-09-18,,,needs-research,,,False
d_25e8c25b21793bb5,EliteAI Tools,https://eliteai.tools/,,eliteai.tools,45,follow,AI,freemium,Unverified; source describes Ahrefs-style DR,https://github.com/mezmer90/saas-directories/blob/main/saas-directories.csv,2026-09-18,,,needs-research,,,False
d_b0be3a9e50e00cf2,Elpha,https://elpha.com/,,elpha.com,55,nofollow,Community,unknown,Unverified; source describes Ahrefs-style DR,https://github.com/mezmer90/saas-directories/blob/main/saas-directories.csv,2026-09-18,,,needs-research,,,False
d_7e225a243cf35ec5,Emoji Launch,https://emojilaunch.com/submit,,emojilaunch.com,15,follow,Directory,unknown,Unverified; source describes Ahrefs-style DR,https://github.com/mezmer90/saas-directories/blob/main/saas-directories.csv,2026-09-18,,,needs-research,,Source path requires review,False
d_483dd50b7186f853,Engadget,https://www.engadget.com/about/advertist,,engadget.com,91,nofollow,Press,unknown,Unverified; source describes Ahrefs-style DR,https://github.com/mezmer90/saas-directories/blob/main/saas-directories.csv,2026-09-18,,,needs-research,"Editorial/media prospect, not a guaranteed submission form. Find a relevant angle and the current pitch policy.",Submission path may be truncated; Source path requires review,False
d_778a0d11f134b437,EU-Startups,https://www.eu-startups.com/directory/?',,eu-startups.com,68,follow,Directory,unknown,Unverified; source describes Ahrefs-style DR,https://github.com/mezmer90/saas-directories/blob/main/saas-directories.csv,2026-09-18,,,needs-research,,Submission path may be truncated; Source path requires review,False
d_50bd07cf39a8f640,EuroAlternative,https://euroalternative.co/,,euroalternative.co,33,nofollow,Directory,unknown,Unverified; source describes Ahrefs-style DR,https://github.com/mezmer90/saas-directories/blob/main/saas-directories.csv,2026-09-18,,,needs-research,,,False
d_11a84bf490632844,European Alternatives,https://european-alternatives.eu/,https://european-alternatives.eu/register,european-alternatives.eu,73,unknown,Directory,unknown,Ahrefs (source-reported),https://github.com/alvinunreal/awesome-submitlist/blob/main/data/destinations.json,2026-09-18,2026-09-14,,source-reported,European digital products and services; confirm business-location requirements.,,False
d_f72c4e8811f99620,EveryDev.ai,https://everydev.ai/,,everydev.ai,,unknown,AI,unknown,Not supplied by source,https://github.com/mezmer90/saas-directories/blob/main/saas-directories.csv,2026-09-18,,,needs-research,,,False
d_30933bc7ac8551a2,Evol Magazine,https://evolmagazine.com/,,evolmagazine.com,,unknown,Directory,unknown,Not supplied by source,https://github.com/mezmer90/saas-directories/blob/main/saas-directories.csv,2026-09-18,,,needs-research,,Source path requires review,False
d_fd7ef6deda1ae230,ExactSeek,https://www.exactseek.com/,,exactseek.com,73,follow,Directory,freemium,Unverified; source describes Ahrefs-style DR,https://github.com/mezmer90/saas-directories/blob/main/saas-directories.csv,2026-09-18,,,needs-research,,,False
d_6b7ec80b827906b5,Expify,https://expify.ai/,,expify.ai,21,follow,AI,freemium,Unverified; source describes Ahrefs-style DR,https://github.com/mezmer90/saas-directories/blob/main/saas-directories.csv,2026-09-18,,,needs-research,,,False
d_dc86673fa3dde8e7,Ezilon,https://ezilon.com/,https://www.ezilon.com/general_url_submission.htm,ezilon.com,54,unknown,Directory,paid,Ahrefs (source-reported),https://github.com/alvinunreal/awesome-submitlist/blob/main/data/destinations.json,2026-09-18,2026-09-14,,source-reported,"Source-reported route and metrics. Review current eligibility, terms, pricing, and the exact published backlink.",,False
d_3bf8e1f68b1bd03a,F6S,https://www.f6s.com/,,f6s.com,83,follow,Directory,free,Ahrefs (source-reported),https://github.com/alvinunreal/awesome-submitlist/blob/main/data/destinations.json,2026-09-18,2026-09-14,,needs-research,"Startup company profile, funding programs, and founder network.",DR sources disagree; Link sources disagree,False
d_46fd5b6f2cf5e3d5,Fark,https://www.fark.com/,https://www.fark.com/submit/,fark.com,73,nofollow,Community,free,Ahrefs (source-reported),https://github.com/alvinunreal/awesome-submitlist/blob/main/data/destinations.json,2026-09-18,2026-09-14,,source-reported,Newsworthy links and editorial selection; not generic startup promotion.,DR sources disagree,False
d_33d39bae962f3965,Fast Company,https://www.fastcompany.com/,,fastcompany.com,91,nofollow,Press,unknown,Unverified; source describes Ahrefs-style DR,https://github.com/mezmer90/saas-directories/blob/main/saas-directories.csv,2026-09-18,,,needs-research,"Editorial/media prospect, not a guaranteed submission form. Find a relevant angle and the current pitch policy.",,False
d_720485eee595c1da,FastLaunch,https://fastlaunch.io/,,fastlaunch.io,,unknown,Directory,unknown,Not supplied by source,https://github.com/mezmer90/saas-directories/blob/main/saas-directories.csv,2026-09-18,,,needs-research,,,False
d_c23e66a9802eebc9,Fazier,https://fazier.com/,https://fazier.com/submit,fazier.com,80,nofollow,Launch,unknown,Unverified; source describes Ahrefs-style DR,https://github.com/mezmer90/saas-directories/blob/main/saas-directories.csv,2026-09-18,,,source-reported,,DR sources disagree,False
d_9005a1879eb66ae8,FeaturedCustomers,https://www.featuredcustomers.com/,https://featuredcustomers.com/vendor-solutions,featuredcustomers.com,72,nofollow,Review,free,Ahrefs (source-reported),https://github.com/alvinunreal/awesome-submitlist/blob/main/data/destinations.json,2026-09-18,2026-09-14,,source-reported,"Source-reported route and metrics. Review current eligibility, terms, pricing, and the exact published backlink.",DR sources disagree,False
d_2b4d94984d09d78d,FeaturedTool,https://featuredtool.com/,,featuredtool.com,20,follow,Directory,freemium,Unverified; source describes Ahrefs-style DR,https://github.com/mezmer90/saas-directories/blob/main/saas-directories.csv,2026-09-18,,,needs-research,,,False
d_9148fbcfb04f8591,Feed My Startup,http://feedmystartup.com/submit-your-st,,feedmystartup.com,22,follow,Directory,unknown,Unverified; source describes Ahrefs-style DR,https://github.com/mezmer90/saas-directories/blob/main/saas-directories.csv,2026-09-18,,,needs-research,,Submission path may be truncated; Source uses HTTP; Source path requires review,False
d_4cb11244b816adc2,feedmyapp.com,https://feedmyapp.com/,,feedmyapp.com,,unknown,Directory,unknown,Not supplied by source,https://github.com/mezmer90/saas-directories/blob/main/saas-directories.csv,2026-09-18,,,needs-research,,,False
d_0b5d7056eca91058,Feedough,https://www.feedough.com/submit-',,feedough.com,48,follow,Directory,unknown,Unverified; source describes Ahrefs-style DR,https://github.com/mezmer90/saas-directories/blob/main/saas-directories.csv,2026-09-18,,,needs-research,,Submission path may be truncated; Source path requires review,False
d_7878232e02657f29,FinancesOnline,https://financesonline.com/,,financesonline.com,82,follow,Review,freemium,Unverified; source describes Ahrefs-style DR,https://github.com/mezmer90/saas-directories/blob/main/saas-directories.csv,2026-09-18,,,needs-research,,,False
d_5ec4b2cf747442f6,Find an AI Tool,https://findanaitools.com/,,findanaitools.com,,unknown,AI,unknown,Not supplied by source,https://github.com/mezmer90/saas-directories/blob/main/saas-directories.csv,2026-09-18,,,needs-research,,,False
d_60d83e890a15de39,Find Cool Tools,https://findcool.tools/,,findcool.tools,22,follow,Directory,unknown,Unverified; source describes Ahrefs-style DR,https://github.com/mezmer90/saas-directories/blob/main/saas-directories.csv,2026-09-18,,,needs-research,,,False
d_310c43830cb79f6c,Find My AI Tool,https://findmyaitool.com/,https://findmyaitool.com/submit-tool,findmyaitool.com,37,follow,AI,paid,Ahrefs (source-reported),https://github.com/alvinunreal/awesome-submitlist/blob/main/data/destinations.json,2026-09-18,2026-09-14,,source-reported,"Source-reported route and metrics. Review current eligibility, terms, pricing, and the exact published backlink.",,False
d_ad3da984a726e6c1,Find SEO Tools,https://findseotools.com/,,findseotools.com,25,follow,Directory,unknown,Unverified; source describes Ahrefs-style DR,https://github.com/mezmer90/saas-directories/blob/main/saas-directories.csv,2026-09-18,,,needs-research,,,False
d_b3bcf98c804e64e3,Find Your Agent,https://findyouragent.ai/,,findyouragent.ai,,unknown,AI,unknown,Not supplied by source,https://github.com/mezmer90/saas-directories/blob/main/saas-directories.csv,2026-09-18,,,needs-research,,,False
d_a5a571c21328089f,Finding Startups,https://findingstartups.com/startups,,findingstartups.com,18,follow,Directory,unknown,Unverified; source describes Ahrefs-style DR,https://github.com/mezmer90/saas-directories/blob/main/saas-directories.csv,2026-09-18,,,needs-research,,Source path requires review,False
d_2d84054a0ada295f,findly.tools,https://findly.tools/,https://findly.tools/submit,findly.tools,75,follow,Directory,unknown,Unverified; source describes Ahrefs-style DR,https://github.com/mezmer90/saas-directories/blob/main/saas-directories.csv,2026-09-18,,,source-reported,,DR sources disagree,False
d_16e13816979556c4,Findstack,https://findstack.com/,https://findstack.com/get-listed,findstack.com,77,nofollow,Review,free,Ahrefs (source-reported),https://github.com/alvinunreal/awesome-submitlist/blob/main/data/destinations.json,2026-09-18,2026-09-14,,source-reported,"Source-reported route and metrics. Review current eligibility, terms, pricing, and the exact published backlink.",DR sources disagree; Link sources disagree,False
d_40283f70957e7801,FindThatSoftware,https://findthatsoftware.com/,https://findthatsoftware.com/vendors,findthatsoftware.com,0,unknown,Directory,unknown,Source-reported DR; provider not independently verified,https://github.com/theshubh77/awesome-saas-directories,2026-09-18,,,source-reported,"Source lists this route; acceptance, pricing, and current requirements need checking.",,False
d_c8c88f316287a936,FindYourSaaS,https://www.findyoursaas.com/,https://www.findyoursaas.com/onboard,findyoursaas.com,31,follow,Directory,unknown,Unverified; source describes Ahrefs-style DR,https://github.com/mezmer90/saas-directories/blob/main/saas-directories.csv,2026-09-18,,,source-reported,,DR sources disagree,False
d_4ddb8f748815f56c,Firefox Add-ons,https://addons.mozilla.org/,https://extensionworkshop.com/documentation/publish/submitting-an-add-on/,addons.mozilla.org,96,nofollow,Marketplace,free,Ahrefs (source-reported),https://github.com/alvinunreal/awesome-submitlist/blob/main/data/destinations.json,2026-09-18,2026-09-14,,source-reported,"Requires a suitable app, integration, extension, deal, or seller account for this platform; not a generic backlink submission.",,False
d_3dc5d152bd8835c2,First 100 Users,https://first100users.com/,,first100users.com,22,follow,Directory,unknown,Unverified; source describes Ahrefs-style DR,https://github.com/mezmer90/saas-directories/blob/main/saas-directories.csv,2026-09-18,,,needs-research,,,False
d_bc348832dd73c78e,Firsto,https://firsto.co/,https://firsto.co/projects/submit,firsto.co,57,follow,Launch,unknown,Unverified; source describes Ahrefs-style DR,https://github.com/mezmer90/saas-directories/blob/main/saas-directories.csv,2026-09-18,,,source-reported,,DR sources disagree,False
d_6cd50ee343525f78,Firsto Contact,https://firstocontact.com/,,firstocontact.com,,unknown,Directory,unknown,Not supplied by source,https://github.com/mezmer90/saas-directories/blob/main/saas-directories.csv,2026-09-18,,,needs-research,,,False
d_784ee51693d948c8,FiveTaco,https://fivetaco.com/,,fivetaco.com,28,follow,Directory,freemium,Unverified; source describes Ahrefs-style DR,https://github.com/mezmer90/saas-directories/blob/main/saas-directories.csv,2026-09-18,,,needs-research,,,False
d_7e5117f7bb28601a,Flowtools,https://flowtools.co/,,flowtools.co,,unknown,Directory,unknown,Not supplied by source,https://github.com/mezmer90/saas-directories/blob/main/saas-directories.csv,2026-09-18,,,needs-research,,,False
d_088cddc8f0b7640f,Forg,https://forg.to/,https://forg.to/product/new,forg.to,43,unknown,Directory,unknown,Source-reported DR; provider not independently verified,https://github.com/theshubh77/awesome-saas-directories,2026-09-18,,,source-reported,"Source lists this route; acceptance, pricing, and current requirements need checking.",,False
d_ff0220fc0609e7c5,Founderpath,https://founderpath.com/,,founderpath.com,,unknown,Directory,unknown,Not supplied by source,https://github.com/mezmer90/saas-directories/blob/main/saas-directories.csv,2026-09-18,,,needs-research,,,False
d_d99da2c7698eab78,Foundr,https://foundr.ai/,,foundr.ai,,unknown,AI,unknown,Not supplied by source,https://github.com/mezmer90/saas-directories/blob/main/saas-directories.csv,2026-09-18,,,needs-research,,,False
d_e2d0dc02034be0c8,Foundr,https://foundr.com/,,foundr.com,,unknown,Directory,unknown,Not supplied by source,https://github.com/mezmer90/saas-directories/blob/main/saas-directories.csv,2026-09-18,,,needs-research,,,False
d_2ac91cb86d4469f8,FoundrList,https://foundrlist.com/,https://www.foundrlist.com/submit,foundrlist.com,51,follow,Directory,unknown,Unverified; source describes Ahrefs-style DR,https://github.com/mezmer90/saas-directories/blob/main/saas-directories.csv,2026-09-18,,,source-reported,,DR sources disagree,False
d_72d0913a2d8412d0,Free AI Tool,https://freeaitool.ai/,,freeaitool.ai,,unknown,AI,unknown,Not supplied by source,https://github.com/mezmer90/saas-directories/blob/main/saas-directories.csv,2026-09-18,,,needs-research,,,False
d_a8838046dcb00f19,Freeble,https://freeble.site/,,freeble.site,12,follow,Directory,unknown,Unverified; source describes Ahrefs-style DR,https://github.com/mezmer90/saas-directories/blob/main/saas-directories.csv,2026-09-18,,,needs-research,,,False
d_a0c38d2f364289fa,freeble.in,https://freeble.in/,,freeble.in,,unknown,Directory,unknown,Not supplied by source,https://github.com/mezmer90/saas-directories/blob/main/saas-directories.csv,2026-09-18,,,needs-research,,,False
d_69d49dd309202e35,freeCodeCamp Project Feedback,https://forum.freecodecamp.org/,https://forum.freecodecamp.org/c/project-feedback/409,forum.freecodecamp.org,89,nofollow,Developer,free,Ahrefs (source-reported),https://github.com/alvinunreal/awesome-submitlist/blob/main/data/destinations.json,2026-09-18,2026-09-14,,source-reported,Constructive project feedback and community rules; not bulk advertising.,,False
d_6b567b175b477096,Fuel Up,https://fuelup.co/add,,fuelup.co,18,follow,Directory,unknown,Unverified; source describes Ahrefs-style DR,https://github.com/mezmer90/saas-directories/blob/main/saas-directories.csv,2026-09-18,,,needs-research,,Source path requires review,False
d_0818013463fcd6c9,Funnel Directory,https://funneldirectory.com/,https://funneldirectory.com/submit,funneldirectory.com,15,unknown,Directory,unknown,Source-reported DR; provider not independently verified,https://github.com/theshubh77/awesome-saas-directories,2026-09-18,,,source-reported,"Source lists this route; acceptance, pricing, and current requirements need checking.",,False
d_56e864a0b53794b2,Future AI Guide,https://futureaiguide.com/,,futureaiguide.com,,unknown,Directory,unknown,Not supplied by source,https://github.com/mezmer90/saas-directories/blob/main/saas-directories.csv,2026-09-18,,,needs-research,,,False
d_b6491499f00a1927,Future of SaaS,https://www.futureofsaas.io/contributor-,,futureofsaas.io,28,follow,Directory,unknown,Unverified; source describes Ahrefs-style DR,https://github.com/mezmer90/saas-directories/blob/main/saas-directories.csv,2026-09-18,,,needs-research,,Submission path may be truncated; Source path requires review,False
d_0f13b4653c272119,Future Tools,https://www.futuretools.io/,https://futuretools.io/submit-a-tool,futuretools.io,69,nofollow,AI,free,Ahrefs (source-reported),https://github.com/alvinunreal/awesome-submitlist/blob/main/data/destinations.json,2026-09-18,2026-09-14,,source-reported,"Source-reported route and metrics. Review current eligibility, terms, pricing, and the exact published backlink.",DR sources disagree,False
d_a0118c90ec954832,Futurepedia,https://www.futurepedia.io/,https://www.futurepedia.io/submit-tool,futurepedia.io,72,nofollow,AI,paid,Ahrefs (source-reported),https://github.com/alvinunreal/awesome-submitlist/blob/main/data/destinations.json,2026-09-18,2026-09-14,,source-reported,"Source-reported route and metrics. Review current eligibility, terms, pricing, and the exact published backlink.",DR sources disagree,False
d_af822aae4585defc,Futurepedia Wiki,https://futurepedia.wiki/,,futurepedia.wiki,,unknown,Directory,unknown,Not supplied by source,https://github.com/mezmer90/saas-directories/blob/main/saas-directories.csv,2026-09-18,,,needs-research,,,False
d_bb2091690872d3c8,FutureStack,https://www.usefuturestack.com/,https://www.usefuturestack.com/submit,usefuturestack.com,3,unknown,Directory,unknown,Source-reported DR; provider not independently verified,https://github.com/theshubh77/awesome-saas-directories,2026-09-18,,,source-reported,"Source lists this route; acceptance, pricing, and current requirements need checking.",,False
d_73dbf2144f935b2d,G2,https://www.g2.com/,,g2.com,91,nofollow,Review,free,Ahrefs (source-reported),https://github.com/alvinunreal/awesome-submitlist/blob/main/data/destinations.json,2026-09-18,2026-09-14,,needs-research,Software/service vendor profile; find the current vendor listing workflow.,DR sources disagree,False
d_492bc9c455b905af,Geekopedia,https://geekopedia.me/write-for-us,,geekopedia.me,22,follow,Directory,unknown,Unverified; source describes Ahrefs-style DR,https://github.com/mezmer90/saas-directories/blob/main/saas-directories.csv,2026-09-18,,,needs-research,,Source path requires review,False
d_5f6c88e7e14d4c4b,GeekWire Startup List,https://geekwire.com/,https://www.geekwire.com/submit-startup/,geekwire.com,86,follow,Directory,free,Ahrefs (source-reported),https://github.com/alvinunreal/awesome-submitlist/blob/main/data/destinations.json,2026-09-18,2026-09-14,,source-reported,Pacific Northwest technology startups; geographic eligibility matters.,DR sources disagree; Link sources disagree,False
d_e201fe70d7631bab,Get Worm,https://getworm.com/submit-startup,,getworm.com,25,follow,Directory,unknown,Unverified; source describes Ahrefs-style DR,https://github.com/mezmer90/saas-directories/blob/main/saas-directories.csv,2026-09-18,,,needs-research,,Source path requires review,False
d_f29d19ae6a9a164b,GetApp,https://www.getapp.com/,,getapp.com,85,nofollow,Review,free,Ahrefs (source-reported),https://github.com/alvinunreal/awesome-submitlist/blob/main/data/destinations.json,2026-09-18,2026-09-14,,needs-research,Software discovery profile; confirm the current vendor submission route.,DR sources disagree,False
d_f90c67677ba888a9,GetListed,https://getlisted.ai/,,getlisted.ai,,unknown,AI,unknown,Not supplied by source,https://github.com/mezmer90/saas-directories/blob/main/saas-directories.csv,2026-09-18,,,needs-research,,,False
d_3aeb002460381c6f,GitHub Topics,https://github.com/,https://docs.github.com/en/repositories/managing-your-repositorys-settings-and-features/customizing-your-repository/classifying-your-repository-with-topics,github.com,97,unknown,Developer,free,Ahrefs (source-reported),https://github.com/alvinunreal/awesome-submitlist/blob/main/data/destinations.json,2026-09-18,2026-09-14,,source-reported,Add accurate topics to your own public repository. Not permission to spam unrelated repositories.,,False
d_3964cd03f87e9e60,Glassdoor,https://glassdoor.com/,https://www.glassdoor.com/employers/sign-up/,glassdoor.com,91,nofollow,Local business,free,Ahrefs (source-reported),https://github.com/alvinunreal/awesome-submitlist/blob/main/data/destinations.json,2026-09-18,2026-09-14,,source-reported,"Employer profile, not a product directory.",,False
d_8ecce0e7711680bf,God of Prompt,https://godofprompt.ai/,,godofprompt.ai,,unknown,AI,unknown,Not supplied by source,https://github.com/mezmer90/saas-directories/blob/main/saas-directories.csv,2026-09-18,,,needs-research,,Source path requires review,False
d_983031dd9c7f78a1,GoodFirms,https://goodfirms.co/,https://www.goodfirms.co/get-listed,goodfirms.co,86,nofollow,Review,free,Ahrefs (source-reported),https://github.com/alvinunreal/awesome-submitlist/blob/main/data/destinations.json,2026-09-18,2026-09-14,,source-reported,Software vendors and service companies; category review applies.,,False
d_86131160c687473b,Google Workspace Marketplace,https://workspace.google.com/,https://developers.google.com/workspace/marketplace/how-to-publish,workspace.google.com,100,follow,Marketplace,free,Ahrefs (source-reported),https://github.com/alvinunreal/awesome-submitlist/blob/main/data/destinations.json,2026-09-18,2026-09-14,,source-reported,"Requires a suitable app, integration, extension, deal, or seller account for this platform; not a generic backlink submission.",,False
d_842fb9f0b353b8fd,grabon.in,https://grabon.in/,,grabon.in,,unknown,Directory,unknown,Not supplied by source,https://github.com/mezmer90/saas-directories/blob/main/saas-directories.csv,2026-09-18,,,needs-research,,Source path requires review,False
d_95cb032370d1fd2f,GreenRocket,https://greenrocket.app/,https://greenrocket.app/create,greenrocket.app,12,unknown,Directory,unknown,Source-reported DR; provider not independently verified,https://github.com/theshubh77/awesome-saas-directories,2026-09-18,,,source-reported,"Source lists this route; acceptance, pricing, and current requirements need checking.",,False
d_b7a57902199e3dec,GroupifyAI,https://groupify.ai/,,groupify.ai,,unknown,AI,unknown,Not supplied by source,https://github.com/mezmer90/saas-directories/blob/main/saas-directories.csv,2026-09-18,,,needs-research,,,False
d_381b8a66374eaa41,Growing Page,https://growingpage.com/,,growingpage.com,15,follow,Directory,unknown,Unverified; source describes Ahrefs-style DR,https://github.com/mezmer90/saas-directories/blob/main/saas-directories.csv,2026-09-18,,,needs-research,,,False
d_571f9e0e585020cc,Growjo,https://growjo.com/,,growjo.com,60,nofollow,Directory,unknown,Unverified; source describes Ahrefs-style DR,https://github.com/mezmer90/saas-directories/blob/main/saas-directories.csv,2026-09-18,,,needs-research,,,False
d_71a6cd0b200bebdc,Growth Hack List,https://growthhacklist.com/startup-director,,growthhacklist.com,28,follow,Directory,unknown,Unverified; source describes Ahrefs-style DR,https://github.com/mezmer90/saas-directories/blob/main/saas-directories.csv,2026-09-18,,,needs-research,,Submission path may be truncated; Source path requires review,False
d_38a4537efffb255c,Growth in Reverse,https://growthinreverse.com/,,growthinreverse.com,,unknown,Newsletter,unknown,Not supplied by source,https://github.com/alvinunreal/awesome-submitlist/blob/main/data/destinations.json,2026-09-18,2026-09-14,,needs-research,Growth case studies; not a general directory submission form.,,False
d_03ea4576166c2c9b,Growth Kit,https://www.growthkit.so/,,growthkit.so,25,follow,Directory,unknown,Unverified; source describes Ahrefs-style DR,https://github.com/mezmer90/saas-directories/blob/main/saas-directories.csv,2026-09-18,,,needs-research,,,False
d_0fd9489873528c14,GrowthHackers,https://growthhackers.com/,,growthhackers.com,68,nofollow,Community,unknown,Unverified; source describes Ahrefs-style DR,https://github.com/mezmer90/saas-directories/blob/main/saas-directories.csv,2026-09-18,,,needs-research,,,False
d_30001d7a35e723b6,Gust,https://gust.com/,https://gust.helpscoutdocs.com/article/211-publishing-your-profile,gust.com,75,follow,Community,free,Ahrefs (source-reported),https://github.com/alvinunreal/awesome-submitlist/blob/main/data/destinations.json,2026-09-18,2026-09-14,,source-reported,"Source-reported route and metrics. Review current eligibility, terms, pricing, and the exact published backlink.",DR sources disagree; Link sources disagree,False
d_7caff9e64d565c9c,Hacker News,https://news.ycombinator.com/,https://news.ycombinator.com/submit,news.ycombinator.com,91,nofollow,Community,unknown,Unverified; source describes Ahrefs-style DR,https://github.com/mezmer90/saas-directories/blob/main/saas-directories.csv,2026-09-18,,,source-reported,,,False
d_ffbb0bfd3f8cdb6b,HackerNoon,https://hackernoon.com/,,hackernoon.com,82,follow,Directory,unknown,Unverified; source describes Ahrefs-style DR,https://github.com/mezmer90/saas-directories/blob/main/saas-directories.csv,2026-09-18,,,needs-research,,,False
d_9abbdbde4c81f82c,Hackerspad,https://hackerspad.net/,,hackerspad.net,18,follow,Directory,unknown,Unverified; source describes Ahrefs-style DR,https://github.com/mezmer90/saas-directories/blob/main/saas-directories.csv,2026-09-18,,,needs-research,,,False
d_ab115ae72cb91bd3,Hashnode,https://hashnode.com/,https://hashnode.com/login,hashnode.com,83,follow,Developer,free,Ahrefs (source-reported),https://github.com/alvinunreal/awesome-submitlist/blob/main/data/destinations.json,2026-09-18,2026-09-14,,source-reported,Publish original useful technical content; a blog is not an automatic product listing.,,False
d_3d92c5be4aad4be9,Havnai,https://havnai.com/,,havnai.com,,unknown,Directory,unknown,Not supplied by source,https://github.com/mezmer90/saas-directories/blob/main/saas-directories.csv,2026-09-18,,,needs-research,,,False
d_f51ded091fccfb50,heyaiworld.com,https://heyaiworld.com/,,heyaiworld.com,,unknown,Directory,unknown,Not supplied by source,https://github.com/mezmer90/saas-directories/blob/main/saas-directories.csv,2026-09-18,,,needs-research,,,False
d_ca134afa1d57db17,High Rank Directory,https://www.highrankdirectory.com/,,highrankdirectory.com,61,follow,Directory,freemium,Unverified; source describes Ahrefs-style DR,https://github.com/mezmer90/saas-directories/blob/main/saas-directories.csv,2026-09-18,,,needs-research,,,False
d_54cf7c319136a34c,Hopps,https://hopps.io/,,hopps.io,20,follow,Community,unknown,Unverified; source describes Ahrefs-style DR,https://github.com/mezmer90/saas-directories/blob/main/saas-directories.csv,2026-09-18,,,needs-research,,,False
d_646f12dc26496b88,hot100,https://www.hot100.ai/,,hot100.ai,26,follow,AI,unknown,Unverified; source describes Ahrefs-style DR,https://github.com/mezmer90/saas-directories/blob/main/saas-directories.csv,2026-09-18,,,needs-research,,,False
d_1b48f3a039b49208,HotVsNot,https://www.hotvsnot.com/,,hotvsnot.com,71,follow,Directory,freemium,Unverified; source describes Ahrefs-style DR,https://github.com/mezmer90/saas-directories/blob/main/saas-directories.csv,2026-09-18,,,needs-research,,,False
d_8a7030d60890a47b,How Brands Are Built,https://howbrandsarebuilt.com/submit,,howbrandsarebuilt.com,32,nofollow,Press,unknown,Unverified; source describes Ahrefs-style DR,https://github.com/mezmer90/saas-directories/blob/main/saas-directories.csv,2026-09-18,,,needs-research,"Editorial/media prospect, not a guaranteed submission form. Find a relevant angle and the current pitch policy.",Source path requires review,False
d_0a86add038b52e5f,How to Buy SaaS,https://www.howtobuysaas.com/,,howtobuysaas.com,18,follow,Directory,unknown,Unverified; source describes Ahrefs-style DR,https://github.com/mezmer90/saas-directories/blob/main/saas-directories.csv,2026-09-18,,,needs-research,,,False
d_ac43dc8f9432e209,HubSpot App Marketplace,https://ecosystem.hubspot.com/,https://developers.hubspot.com/docs/apps/developer-platform/list-apps/listing-your-app/app-marketplace-listing-requirements,ecosystem.hubspot.com,93,follow,Marketplace,free,Ahrefs (source-reported),https://github.com/alvinunreal/awesome-submitlist/blob/main/data/destinations.json,2026-09-18,2026-09-14,,source-reported,"Requires a suitable app, integration, extension, deal, or seller account for this platform; not a generic backlink submission.",,False
d_ae1f45a5b387e18d,Hugging Face Spaces,https://huggingface.co/,https://huggingface.co/new-space,huggingface.co,91,nofollow,AI,free,Ahrefs (source-reported),https://github.com/alvinunreal/awesome-submitlist/blob/main/data/destinations.json,2026-09-18,2026-09-14,,source-reported,"Publish an actual model, dataset, or interactive AI application, not an empty promotional page.",,False
d_f6a4946038065536,HUNT0,https://hunt0.com/,,hunt0.com,28,follow,Directory,unknown,Unverified; source describes Ahrefs-style DR,https://github.com/mezmer90/saas-directories/blob/main/saas-directories.csv,2026-09-18,,,needs-research,,,False
d_c961326ae69bb5c5,HuntScreens,https://huntscreens.com/,,huntscreens.com,35,follow,Directory,freemium,Unverified; source describes Ahrefs-style DR,https://github.com/mezmer90/saas-directories/blob/main/saas-directories.csv,2026-09-18,,,needs-research,,,False
d_f8f40b5c74cdfbbb,Huzzler,https://huzzler.so/,https://huzzler.so/products/create,huzzler.so,46,follow,Launch,unknown,Unverified; source describes Ahrefs-style DR,https://github.com/mezmer90/saas-directories/blob/main/saas-directories.csv,2026-09-18,,,source-reported,,DR sources disagree,False
d_b7dd041463747015,iasurmesure.com,https://iasurmesure.com/,,iasurmesure.com,,unknown,AI,unknown,No DR supplied by this source,https://github.com/best-of-ai/ai-directories/blob/main/README.md,2026-09-18,,,needs-research,"Listed by Best Of AI. Submission route, current eligibility, price, DR, and actual link attributes require research unless another source supplies them.",,False
d_31525fbb653d4f51,IdeaKiln,https://ideakiln.com/,,ideakiln.com,56,follow,Directory,unknown,Unverified; source describes Ahrefs-style DR,https://github.com/mezmer90/saas-directories/blob/main/saas-directories.csv,2026-09-18,,,needs-research,,,False
d_c26f24ce7852ba37,Inbox World,https://inboxworld.io/,,inboxworld.io,15,follow,Directory,unknown,Unverified; source describes Ahrefs-style DR,https://github.com/mezmer90/saas-directories/blob/main/saas-directories.csv,2026-09-18,,,needs-research,,,False
d_c1b70fdfc0267ce8,Inc42,https://inc42.com/startup-submissic,,inc42.com,72,nofollow,Press,unknown,Unverified; source describes Ahrefs-style DR,https://github.com/mezmer90/saas-directories/blob/main/saas-directories.csv,2026-09-18,,,needs-research,"Editorial/media prospect, not a guaranteed submission form. Find a relevant angle and the current pitch policy.",Submission path may be truncated; Source path requires review,False
d_3fefeff646c8a28c,Index,https://index.co/companies?&,,index.co,55,nofollow,Directory,unknown,Unverified; source describes Ahrefs-style DR,https://github.com/mezmer90/saas-directories/blob/main/saas-directories.csv,2026-09-18,,,needs-research,,Source path requires review,False
d_facc96f2298bbfe3,IndiaMART,https://seller.indiamart.com/,,seller.indiamart.com,82,nofollow,Local business,unknown,Unverified; source describes Ahrefs-style DR,https://github.com/mezmer90/saas-directories/blob/main/saas-directories.csv,2026-09-18,,,needs-research,,,False
d_087b4b59f73b2193,Indian Yellow Pages,https://www.indianyellowpages.com/post-,,indianyellowpages.com,38,nofollow,Local business,unknown,Unverified; source describes Ahrefs-style DR,https://github.com/mezmer90/saas-directories/blob/main/saas-directories.csv,2026-09-18,,,needs-research,,Submission path may be truncated; Source path requires review,False
d_8e9d0ce1c1b86789,Indie Deals,https://www.indie.deals/,,indie.deals,59,nofollow,Directory,unknown,Unverified; source describes Ahrefs-style DR,https://github.com/mezmer90/saas-directories/blob/main/saas-directories.csv,2026-09-18,,,needs-research,,,False
d_9871b777de8b0e65,Indie Gamer Reviewer,https://indiegamereviewer.com/contact-ir,,indiegamereviewer.com,25,follow,Directory,unknown,Unverified; source describes Ahrefs-style DR,https://github.com/mezmer90/saas-directories/blob/main/saas-directories.csv,2026-09-18,,,needs-research,,Submission path may be truncated; Source path requires review,False
d_c93cf0caa66d63c5,Indie Hackers,https://www.indiehackers.com/,https://www.indiehackers.com/products,indiehackers.com,81,nofollow,Community,free,Ahrefs (source-reported),https://github.com/alvinunreal/awesome-submitlist/blob/main/data/destinations.json,2026-09-18,2026-09-14,,source-reported,Share genuine product progress and comply with community self-promotion rules.,DR sources disagree,False
d_8ccb62d6b4d3111b,Indie Hustles,https://indiehustles.com/,,indiehustles.com,22,follow,Directory,unknown,Unverified; source describes Ahrefs-style DR,https://github.com/mezmer90/saas-directories/blob/main/saas-directories.csv,2026-09-18,,,needs-research,,,False
d_564dde93d49eca3f,Indiedev,https://indiedev.tools/,,indiedev.tools,,unknown,Directory,unknown,Not supplied by source,https://github.com/mezmer90/saas-directories/blob/main/saas-directories.csv,2026-09-18,,,needs-research,,,False
d_1b19bc37ca19b97b,IndieHackerStacks,https://indiehackerstacks.com/,,indiehackerstacks.com,35,nofollow,Directory,unknown,Unverified; source describes Ahrefs-style DR,https://github.com/mezmer90/saas-directories/blob/main/saas-directories.csv,2026-09-18,,,needs-research,,,False
d_79dcede82a9964e9,IndieHub,https://indiehub.best/,,indiehub.best,39,follow,Directory,unknown,Unverified; source describes Ahrefs-style DR,https://github.com/mezmer90/saas-directories/blob/main/saas-directories.csv,2026-09-18,,,needs-research,,,False
d_1927ca34a01a9c42,Indiehunt,https://indiehunt.io/,https://indiehunt.io/submit,indiehunt.io,63,unknown,Directory,unknown,Source-reported DR; provider not independently verified,https://github.com/theshubh77/awesome-saas-directories,2026-09-18,,,source-reported,"Source lists this route; acceptance, pricing, and current requirements need checking.",,False
d_45ff74ebbdad0c08,IndieProducts.io,https://indieproducts.io/,,indieproducts.io,,unknown,Directory,unknown,Not supplied by source,https://github.com/mezmer90/saas-directories/blob/main/saas-directories.csv,2026-09-18,,,needs-research,,,False
d_01eabdffed148ba0,IndieStack,https://www.indiestack.co/contribute,,indiestack.co,18,follow,Directory,unknown,Unverified; source describes Ahrefs-style DR,https://github.com/mezmer90/saas-directories/blob/main/saas-directories.csv,2026-09-18,,,needs-research,,Source path requires review,False
d_ae7a3ec014ceb517,IndieTool,https://indietool.io/,,indietool.io,15,follow,Directory,unknown,Unverified; source describes Ahrefs-style DR,https://github.com/mezmer90/saas-directories/blob/main/saas-directories.csv,2026-09-18,,,needs-research,,,False
d_539a5e27b4e3f358,indietools.app,https://indietools.app/,,indietools.app,,unknown,Directory,unknown,Not supplied by source,https://github.com/mezmer90/saas-directories/blob/main/saas-directories.csv,2026-09-18,,,needs-research,,,False
d_8efcd808af1265e4,InfoWorld,https://www.infoworld.com/,,infoworld.com,87,nofollow,Press,unknown,Unverified; source describes Ahrefs-style DR,https://github.com/mezmer90/saas-directories/blob/main/saas-directories.csv,2026-09-18,,,needs-research,"Editorial/media prospect, not a guaranteed submission form. Find a relevant angle and the current pitch policy.",,False
d_a55f41c19cab2dfb,InnMind,https://innmind.com/,,innmind.com,45,follow,Directory,unknown,Unverified; source describes Ahrefs-style DR,https://github.com/mezmer90/saas-directories/blob/main/saas-directories.csv,2026-09-18,,,needs-research,,,False
d_f188b1ae210dd940,Insanely Cool Tools,https://insanelycooltools.com/,,insanelycooltools.com,30,follow,Directory,unknown,Unverified; source describes Ahrefs-style DR,https://github.com/mezmer90/saas-directories/blob/main/saas-directories.csv,2026-09-18,,,needs-research,,,False
d_700333c31f30e2df,Insanely Useful Websites,https://insanelyusefulwebsites.com/,,insanelyusefulwebsites.com,32,follow,Directory,unknown,Unverified; source describes Ahrefs-style DR,https://github.com/mezmer90/saas-directories/blob/main/saas-directories.csv,2026-09-18,,,needs-research,,,False
d_08248c03deef112d,Inside,https://community.inside.com/,,community.inside.com,55,nofollow,Community,unknown,Unverified; source describes Ahrefs-style DR,https://github.com/mezmer90/saas-directories/blob/main/saas-directories.csv,2026-09-18,,,needs-research,,,False
d_34f0580c2b9aa03e,Insidr AI Directory,https://insidr.ai/,,insidr.ai,,unknown,AI,unknown,Not supplied by source,https://github.com/mezmer90/saas-directories/blob/main/saas-directories.csv,2026-09-18,,,needs-research,,Source path requires review,False
d_0c66a6c61d3ef196,Insur-Tech,https://insur-tech.com/submit,,insur-tech.com,40,nofollow,Directory,unknown,Unverified; source describes Ahrefs-style DR,https://github.com/mezmer90/saas-directories/blob/main/saas-directories.csv,2026-09-18,,,needs-research,,Source path requires review,False
d_d0659226153c79f1,Integrately,https://integrately.com/,,integrately.com,60,nofollow,Directory,unknown,Unverified; source describes Ahrefs-style DR,https://github.com/mezmer90/saas-directories/blob/main/saas-directories.csv,2026-09-18,,,needs-research,,,False
d_2e55ecf58e78389a,intelligenttools.co,https://intelligenttools.co/,,intelligenttools.co,,unknown,Directory,unknown,Not supplied by source,https://github.com/mezmer90/saas-directories/blob/main/saas-directories.csv,2026-09-18,,,needs-research,,,False
d_522acd49f2bc0a90,IT Central Station,https://itcentralstation.com/,,itcentralstation.com,62,nofollow,Review,unknown,Unverified; source describes Ahrefs-style DR,https://github.com/mezmer90/saas-directories/blob/main/saas-directories.csv,2026-09-18,,,needs-research,,,False
d_ba4012acebd1e8f7,ITQlick,https://itqlick.com/,,itqlick.com,40,follow,Review,unknown,Unverified; source describes Ahrefs-style DR,https://github.com/mezmer90/saas-directories/blob/main/saas-directories.csv,2026-09-18,,,needs-research,,,False
d_e61fdaa969c3fad5,ItsLaunched,https://itslaunched.com/,,itslaunched.com,28,follow,Directory,freemium,Unverified; source describes Ahrefs-style DR,https://github.com/mezmer90/saas-directories/blob/main/saas-directories.csv,2026-09-18,,,needs-research,,,False
d_42752c98dc836d02,Jasmine Directory,https://jasminedirectory.com/,https://www.jasminedirectory.com/index.php?a=2070753691,jasminedirectory.com,67,follow,Directory,paid,Ahrefs (source-reported),https://github.com/alvinunreal/awesome-submitlist/blob/main/data/destinations.json,2026-09-18,2026-09-14,,source-reported,"Source-reported route and metrics. Review current eligibility, terms, pricing, and the exact published backlink.",,False
d_8e40c6cc3467f227,Joinly,https://www.joinly.xyz/,,joinly.xyz,15,follow,Directory,unknown,Unverified; source describes Ahrefs-style DR,https://github.com/mezmer90/saas-directories/blob/main/saas-directories.csv,2026-09-18,,,needs-research,,,False
d_a94e05dba93a8be9,Jona,https://jonapr.com/,,jonapr.com,22,nofollow,Directory,unknown,Unverified; source describes Ahrefs-style DR,https://github.com/mezmer90/saas-directories/blob/main/saas-directories.csv,2026-09-18,,,needs-research,,,False
d_db3360a7a842df92,Justgotfound,https://justgotfound.com/,,justgotfound.com,27,nofollow,Directory,unknown,Unverified; source describes Ahrefs-style DR,https://github.com/mezmer90/saas-directories/blob/main/saas-directories.csv,2026-09-18,,,needs-research,,,False
d_0a8f30ec5d877080,justhunt.co,https://justhunt.co/,,justhunt.co,,unknown,Directory,unknown,Not supplied by source,https://github.com/mezmer90/saas-directories/blob/main/saas-directories.csv,2026-09-18,,,needs-research,,,False
d_cd3e20d1269d81b6,JustLaunched,https://justlaunched.fyi/,https://justlaunched.fyi/submit,justlaunched.fyi,39,unknown,Directory,unknown,Source-reported DR; provider not independently verified,https://github.com/theshubh77/awesome-saas-directories,2026-09-18,,,source-reported,"Source lists this route; acceptance, pricing, and current requirements need checking.",,False
d_f08d5bc89adbb4c9,KaroStartup,https://karostartup.com/advertise-with-us,,karostartup.com,22,follow,Directory,unknown,Unverified; source describes Ahrefs-style DR,https://github.com/mezmer90/saas-directories/blob/main/saas-directories.csv,2026-09-18,,,needs-research,,Source path requires review,False
d_cb2d116c33ab5f85,kickproduct.com,https://kickproduct.com/,,kickproduct.com,,unknown,Directory,unknown,Not supplied by source,https://github.com/mezmer90/saas-directories/blob/main/saas-directories.csv,2026-09-18,,,needs-research,,,False
d_6cc17b8f9eb44ce3,KillerStartups,http://www.killerstartups.com/,,killerstartups.com,62,follow,Directory,unknown,Unverified; source describes Ahrefs-style DR,https://github.com/mezmer90/saas-directories/blob/main/saas-directories.csv,2026-09-18,,,needs-research,,Source uses HTTP,False
d_ea8e0cdf8c9633fc,KitDB,https://kitdb.app/,,kitdb.app,22,follow,Directory,unknown,Unverified; source describes Ahrefs-style DR,https://github.com/mezmer90/saas-directories/blob/main/saas-directories.csv,2026-09-18,,,needs-research,,,False
d_1911be79af1af231,Kotaku,https://kotaku.com/,,kotaku.com,87,nofollow,Press,unknown,Unverified; source describes Ahrefs-style DR,https://github.com/mezmer90/saas-directories/blob/main/saas-directories.csv,2026-09-18,,,needs-research,"Editorial/media prospect, not a guaranteed submission form. Find a relevant angle and the current pitch policy.",,False
d_7206e7f635bd5716,Kyi AI Directory,https://kyi.ai/,,kyi.ai,23,follow,AI,freemium,Unverified; source describes Ahrefs-style DR,https://github.com/mezmer90/saas-directories/blob/main/saas-directories.csv,2026-09-18,,,needs-research,,,False
d_9b9adc756771023d,labstartups.com,https://labstartups.com/,,labstartups.com,,unknown,Directory,unknown,Not supplied by source,https://github.com/mezmer90/saas-directories/blob/main/saas-directories.csv,2026-09-18,,,needs-research,,,False
d_d2d12be72519733d,Lachief,https://lachief.io/,https://tally.so/r/w4Jb4b,lachief.io,20,follow,AI,free,Ahrefs (source-reported),https://github.com/alvinunreal/awesome-submitlist/blob/main/data/destinations.json,2026-09-18,2026-09-14,,source-reported,"Source-reported route and metrics. Review current eligibility, terms, pricing, and the exact published backlink.",DR sources disagree,False
d_6672b17fdc7dc1ac,Landbook,https://land-book.com/,https://land-book.com/submission-guidelines,land-book.com,73,follow,Design,free,Ahrefs (source-reported),https://github.com/alvinunreal/awesome-submitlist/blob/main/data/destinations.json,2026-09-18,2026-09-14,,source-reported,Submit an original live design or appropriate design resource for editorial review.,DR sources disagree; Link sources disagree,False
d_0439dbe346c836b3,Landingfolio,https://www.landingfolio.com/,https://landingfolio.com/submit,landingfolio.com,64,nofollow,Design,paid,Ahrefs (source-reported),https://github.com/alvinunreal/awesome-submitlist/blob/main/data/destinations.json,2026-09-18,2026-09-14,,source-reported,Submit an original live design or appropriate design resource for editorial review.,DR sources disagree,False
d_33fbb657ed341d89,Latka,https://getlatka.com/,,getlatka.com,55,nofollow,Directory,unknown,Unverified; source describes Ahrefs-style DR,https://github.com/mezmer90/saas-directories/blob/main/saas-directories.csv,2026-09-18,,,needs-research,,,False
d_9ba6e399898cd149,Launch,https://trylaunch.ai/,https://trylaunch.ai/submit,trylaunch.ai,45,follow,AI,unknown,Unverified; source describes Ahrefs-style DR,https://github.com/mezmer90/saas-directories/blob/main/saas-directories.csv,2026-09-18,,,source-reported,,DR sources disagree,False
d_572001ab09e1f8b0,Launch Llama,https://tools.launchllama.co/,,tools.launchllama.co,72,unknown,AI,unknown,Source-reported DR; provider not independently verified,https://github.com/theshubh77/awesome-saas-directories,2026-09-18,,,needs-research,"Source lists this route; acceptance, pricing, and current requirements need checking.",,False
d_e242da8ae9f18aa5,Launch Vibe,https://www.launchvibe.app/,,launchvibe.app,12,follow,Directory,unknown,Unverified; source describes Ahrefs-style DR,https://github.com/mezmer90/saas-directories/blob/main/saas-directories.csv,2026-09-18,,,needs-research,,,False
d_e9f62e21684b4a41,launch-list.org,https://launch-list.org/,,launch-list.org,,unknown,Directory,unknown,Not supplied by source,https://github.com/mezmer90/saas-directories/blob/main/saas-directories.csv,2026-09-18,,,needs-research,,,False
d_a352b28bf1d09329,Launch.cab,https://launch.cab/,,launch.cab,1,follow,Directory,unknown,Unverified; source describes Ahrefs-style DR,https://github.com/mezmer90/saas-directories/blob/main/saas-directories.csv,2026-09-18,,,needs-research,,,False
d_c34966dfea7118e2,Launched by Lovable,https://launched.lovable.app/,,launched.lovable.app,88,follow,Directory,unknown,Unverified; source describes Ahrefs-style DR,https://github.com/mezmer90/saas-directories/blob/main/saas-directories.csv,2026-09-18,,,needs-research,,,False
d_f42414a32fef325b,Launched!,https://launched.io/,https://launched.io/newsubmission,launched.io,28,follow,Directory,unknown,Unverified; source describes Ahrefs-style DR,https://github.com/mezmer90/saas-directories/blob/main/saas-directories.csv,2026-09-18,,,source-reported,,DR sources disagree,False
d_d1dcef5bfa759087,LaunchIgniter,https://launchigniter.com/,https://launchigniter.com/submit,launchigniter.com,74,nofollow,Launch,unknown,Unverified; source describes Ahrefs-style DR,https://github.com/mezmer90/saas-directories/blob/main/saas-directories.csv,2026-09-18,,,source-reported,,,False
d_9a2234c685ebd8cb,Launching Next,https://www.launchingnext.com/,https://www.launchingnext.com/submit/,launchingnext.com,50,follow,Launch,unknown,Unverified; source describes Ahrefs-style DR,https://github.com/mezmer90/saas-directories/blob/main/saas-directories.csv,2026-09-18,,,source-reported,,DR sources disagree,False
d_9b3aa9c6c3cbe03c,Launchory,https://launchory.app/,https://www.launchory.app/submit,launchory.app,60,unknown,Directory,unknown,Source-reported DR; provider not independently verified,https://github.com/theshubh77/awesome-saas-directories,2026-09-18,,,source-reported,,,False
d_570d272c14f1a481,launchpadindia.co,https://launchpadindia.co/,https://launchpadindia.co/submit,launchpadindia.co,13,unknown,Directory,unknown,Source-reported DR; provider not independently verified,https://github.com/theshubh77/awesome-saas-directories,2026-09-18,,,source-reported,,,False
d_24fa0512f02f159b,LaunchVault,https://www.launchvault.dev/,,launchvault.dev,45,follow,Launch,freemium,Unverified; source describes Ahrefs-style DR,https://github.com/mezmer90/saas-directories/blob/main/saas-directories.csv,2026-09-18,,,needs-research,,,False
d_ddc39100616576c0,LetsVenture,https://letsventure.com/join/startup,,letsventure.com,52,nofollow,Directory,unknown,Unverified; source describes Ahrefs-style DR,https://github.com/mezmer90/saas-directories/blob/main/saas-directories.csv,2026-09-18,,,needs-research,,Source path requires review,False
d_428689a0300bf60b,Letter List,https://letterlist.com/submit,,letterlist.com,28,follow,Newsletter,unknown,Unverified; source describes Ahrefs-style DR,https://github.com/mezmer90/saas-directories/blob/main/saas-directories.csv,2026-09-18,,,needs-research,,Source path requires review,False
d_d599432ba398b061,Lifehack,https://www.lifehack.org/,,lifehack.org,84,nofollow,Directory,unknown,Unverified; source describes Ahrefs-style DR,https://github.com/mezmer90/saas-directories/blob/main/saas-directories.csv,2026-09-18,,,needs-research,,,False
d_dfec28b2be509ab5,Lifto,https://liftoapp.com/,https://liftoapp.com/submit,liftoapp.com,32,unknown,Directory,unknown,Source-reported DR; provider not independently verified,https://github.com/theshubh77/awesome-saas-directories,2026-09-18,,,source-reported,"Source lists this route; acceptance, pricing, and current requirements need checking.",,False
d_53c0976e31bde09e,linezine.com,https://linezine.com/,,linezine.com,,unknown,Directory,unknown,Not supplied by source,https://github.com/mezmer90/saas-directories/blob/main/saas-directories.csv,2026-09-18,,,needs-research,,Source path requires review,False
d_89d49823b0db022c,linkbazaar.app,https://linkbazaar.app/,,linkbazaar.app,,unknown,Directory,unknown,Not supplied by source,https://github.com/mezmer90/saas-directories/blob/main/saas-directories.csv,2026-09-18,,,needs-research,,,False
d_3174fbf3bea7b555,Listly,https://list.ly/,,list.ly,69,follow,Directory,unknown,Unverified; source describes Ahrefs-style DR,https://github.com/mezmer90/saas-directories/blob/main/saas-directories.csv,2026-09-18,,,needs-research,,,False
d_f103b4e3623cf1f5,ListYourIdea,https://listyouridea.com/,https://listyouridea.com/launch,listyouridea.com,26,unknown,Directory,unknown,Source-reported DR; provider not independently verified,https://github.com/theshubh77/awesome-saas-directories,2026-09-18,,,source-reported,"Source lists this route; acceptance, pricing, and current requirements need checking.",,False
d_c941effcc1a73561,listyourtool.com,https://listyourtool.com/,,listyourtool.com,,unknown,Directory,unknown,Not supplied by source,https://github.com/mezmer90/saas-directories/blob/main/saas-directories.csv,2026-09-18,,,needs-research,,,False
d_d1d29b90cfd278ce,LLM Relevance,https://llmrelevance.com/,https://www.llmrelevance.com/submit,llmrelevance.com,38,follow,AI,free,Ahrefs (source-reported),https://github.com/alvinunreal/awesome-submitlist/blob/main/data/destinations.json,2026-09-18,2026-09-14,,source-reported,"Source-reported route and metrics. Review current eligibility, terms, pricing, and the exact published backlink.",DR sources disagree,False
d_2fa2f0aa3f476531,Lobsters,https://lobste.rs/,,lobste.rs,68,nofollow,Community,unknown,Unverified; source describes Ahrefs-style DR,https://github.com/mezmer90/saas-directories/blob/main/saas-directories.csv,2026-09-18,,,needs-research,,,False
d_c7b00dfe5ee7eb67,Local,https://partners.local.com/,,partners.local.com,55,nofollow,Local business,unknown,Unverified; source describes Ahrefs-style DR,https://github.com/mezmer90/saas-directories/blob/main/saas-directories.csv,2026-09-18,,,needs-research,,,False
d_6535db80e047d4d1,Lunadio,https://lunadio.com/,,lunadio.com,18,follow,Community,unknown,Unverified; source describes Ahrefs-style DR,https://github.com/mezmer90/saas-directories/blob/main/saas-directories.csv,2026-09-18,,,needs-research,,,False
d_b9fd8c94aa12e863,MacTrast,http://www.mactrast.com/contact,,mactrast.com,42,nofollow,Press,unknown,Unverified; source describes Ahrefs-style DR,https://github.com/mezmer90/saas-directories/blob/main/saas-directories.csv,2026-09-18,,,needs-research,"Editorial/media prospect, not a guaranteed submission form. Find a relevant angle and the current pitch policy.",Source uses HTTP; Source path requires review,False
d_e82fa0e1a4c47531,Made with Bolt,https://madewithbolt.com/,,madewithbolt.com,21,follow,Directory,unknown,Unverified; source describes Ahrefs-style DR,https://github.com/mezmer90/saas-directories/blob/main/saas-directories.csv,2026-09-18,,,needs-research,,,False
d_0c8088aa41de8fcb,Made with Lovable,https://madewithlovable.com/,,madewithlovable.com,28,nofollow,Directory,unknown,Unverified; source describes Ahrefs-style DR,https://github.com/mezmer90/saas-directories/blob/main/saas-directories.csv,2026-09-18,,,needs-research,,,False
d_7767a01d9e6a6d4f,magicbox.tools,https://magicbox.tools/,,magicbox.tools,72,follow,Directory,unknown,Unverified; source describes Ahrefs-style DR,https://github.com/mezmer90/saas-directories/blob/main/saas-directories.csv,2026-09-18,,,needs-research,,,False
d_ca61f377862f2a70,MAGNiTT,https://magnitt.com/startups,,magnitt.com,58,nofollow,Directory,unknown,Unverified; source describes Ahrefs-style DR,https://github.com/mezmer90/saas-directories/blob/main/saas-directories.csv,2026-09-18,,,needs-research,,Source path requires review,False
d_021a150783874d5b,Make App Directory,https://make.com/,https://www.make.com/en/technology-partners,make.com,90,follow,Marketplace,free,Ahrefs (source-reported),https://github.com/alvinunreal/awesome-submitlist/blob/main/data/destinations.json,2026-09-18,2026-09-14,,source-reported,"Requires a suitable app, integration, extension, deal, or seller account for this platform; not a generic backlink submission.",,False
d_c0356f249337f7b2,Make.rs,https://make.rs/,,make.rs,30,follow,Community,freemium,Unverified; source describes Ahrefs-style DR,https://github.com/mezmer90/saas-directories/blob/main/saas-directories.csv,2026-09-18,,,needs-research,,,False
d_585794cade458212,Maker Lead,https://makerlead.com/,,makerlead.com,18,follow,Community,unknown,Unverified; source describes Ahrefs-style DR,https://github.com/mezmer90/saas-directories/blob/main/saas-directories.csv,2026-09-18,,,needs-research,,,False
d_f394ea0d0124f3a0,Makerhunt,https://makerhunt.io/,https://makerhunt.io/submit,makerhunt.io,44,unknown,Directory,unknown,Source-reported DR; provider not independently verified,https://github.com/theshubh77/awesome-saas-directories,2026-09-18,,,source-reported,"Source lists this route; acceptance, pricing, and current requirements need checking.",,False
d_b837c9ddff8fb04b,makerlist.io,https://makerlist.io/,,makerlist.io,,unknown,Directory,unknown,Not supplied by source,https://github.com/mezmer90/saas-directories/blob/main/saas-directories.csv,2026-09-18,,,needs-research,,,False
d_96c2f16f738763fc,Makerlog,https://getmakerlog.com/,,getmakerlog.com,42,nofollow,Community,unknown,Unverified; source describes Ahrefs-style DR,https://github.com/mezmer90/saas-directories/blob/main/saas-directories.csv,2026-09-18,,,needs-research,,,False
d_7ed2897bb52fe2f0,MakerMove,https://makermove.com/,,makermove.com,15,follow,Directory,unknown,Unverified; source describes Ahrefs-style DR,https://github.com/mezmer90/saas-directories/blob/main/saas-directories.csv,2026-09-18,,,needs-research,,,False
d_2eaa9483ccc4fdb5,MakerThrive,https://makerthrive.com/,,makerthrive.com,50,nofollow,Directory,unknown,Unverified; source describes Ahrefs-style DR,https://github.com/mezmer90/saas-directories/blob/main/saas-directories.csv,2026-09-18,,,needs-research,,,False
d_8ffbe417a371f5e8,MakeUseOf,https://www.makeuseof.com/contributor,,makeuseof.com,88,nofollow,Press,unknown,Unverified; source describes Ahrefs-style DR,https://github.com/mezmer90/saas-directories/blob/main/saas-directories.csv,2026-09-18,,,needs-research,"Editorial/media prospect, not a guaranteed submission form. Find a relevant angle and the current pitch policy.",Source path requires review,False
d_e7a076156d3d0cef,MarketingDB,https://marketingdb.live/,https://marketingdb.live/submit,marketingdb.live,21,follow,Directory,unknown,Unverified; source describes Ahrefs-style DR,https://github.com/mezmer90/saas-directories/blob/main/saas-directories.csv,2026-09-18,,,source-reported,,DR sources disagree,False
d_4a1e01d59a49c812,marketingtoolslist.com,https://marketingtoolslist.com/,,marketingtoolslist.com,,unknown,Directory,unknown,Not supplied by source,https://github.com/mezmer90/saas-directories/blob/main/saas-directories.csv,2026-09-18,,,needs-research,,,False
d_a4fab31732679c7e,Mashable,https://in.mashable.com/website-informati,,in.mashable.com,92,nofollow,Press,unknown,Unverified; source describes Ahrefs-style DR,https://github.com/mezmer90/saas-directories/blob/main/saas-directories.csv,2026-09-18,,,needs-research,"Editorial/media prospect, not a guaranteed submission form. Find a relevant angle and the current pitch policy.",Submission path may be truncated; Source path requires review,False
d_e61e1beb2179c740,MaxiBestOf,https://maxibestof.one/,https://maxibestof.one/submit,maxibestof.one,52,unknown,Design,free,Ahrefs (source-reported),https://github.com/alvinunreal/awesome-submitlist/blob/main/data/destinations.json,2026-09-18,2026-09-14,,source-reported,Submit an original live design or appropriate design resource for editorial review.,,False
d_c9e2d07cbe52f2b3,Merchant Maverick,https://merchantmaverick.com/,,merchantmaverick.com,72,nofollow,Press,unknown,Unverified; source describes Ahrefs-style DR,https://github.com/mezmer90/saas-directories/blob/main/saas-directories.csv,2026-09-18,,,needs-research,"Editorial/media prospect, not a guaranteed submission form. Find a relevant angle and the current pitch policy.",,False
d_6b77aeea0783493e,MerchantCircle,https://www.merchantcircle.com/signup/,,merchantcircle.com,62,nofollow,Local business,unknown,Unverified; source describes Ahrefs-style DR,https://github.com/mezmer90/saas-directories/blob/main/saas-directories.csv,2026-09-18,,,needs-research,,Submission path may be truncated; Source path requires review,False
d_234fdb8920c17028,Micro SaaS Examples,https://www.microsaasexamples.com/,https://www.microsaasexamples.com/submit,microsaasexamples.com,49,follow,Directory,paid,Ahrefs (source-reported),https://github.com/alvinunreal/awesome-submitlist/blob/main/data/destinations.json,2026-09-18,2026-09-14,,source-reported,"Source-reported route and metrics. Review current eligibility, terms, pricing, and the exact published backlink.",DR sources disagree,False
d_201d8ad000b807fb,MicroAcquire,https://microacquire.com/,,microacquire.com,62,nofollow,Marketplace,unknown,Unverified; source describes Ahrefs-style DR,https://github.com/mezmer90/saas-directories/blob/main/saas-directories.csv,2026-09-18,,,needs-research,,,False
d_170430c6f49c01d8,microfounder.com,https://microfounder.com/,,microfounder.com,,unknown,Directory,unknown,Not supplied by source,https://github.com/mezmer90/saas-directories/blob/main/saas-directories.csv,2026-09-18,,,needs-research,,,False
d_c3ee31691ca80ce1,Microlaunch,https://microlaunch.net/,https://microlaunch.net/premium,microlaunch.net,58,follow,Launch,unknown,Unverified; source describes Ahrefs-style DR,https://github.com/mezmer90/saas-directories/blob/main/saas-directories.csv,2026-09-18,,,source-reported,,DR sources disagree,False
d_a179030998b6d476,Microsoft Marketplace,https://marketplace.microsoft.com/,https://learn.microsoft.com/en-us/partner-center/marketplace-offers/submit-to-appsource-via-partner-center,marketplace.microsoft.com,96,follow,Marketplace,free,Ahrefs (source-reported),https://github.com/alvinunreal/awesome-submitlist/blob/main/data/destinations.json,2026-09-18,2026-09-14,,source-reported,"Requires a suitable app, integration, extension, deal, or seller account for this platform; not a generic backlink submission.",,False
d_b0ca1858a5c7e06d,Microsoft Store,https://apps.microsoft.com/,https://learn.microsoft.com/en-us/windows/apps/publish/partner-center/open-a-developer-account,apps.microsoft.com,96,unknown,Marketplace,free,Ahrefs (source-reported),https://github.com/alvinunreal/awesome-submitlist/blob/main/data/destinations.json,2026-09-18,2026-09-14,,source-reported,"Requires a suitable app, integration, extension, deal, or seller account for this platform; not a generic backlink submission.",,False
d_a9bb7ed58bfe8cdb,MicroStartups,https://www.microstartups.co/,,microstartups.co,22,follow,Directory,unknown,Unverified; source describes Ahrefs-style DR,https://github.com/mezmer90/saas-directories/blob/main/saas-directories.csv,2026-09-18,,,needs-research,,,False
d_ee2c7e56128cc5d0,ModDB,https://www.moddb.com/,,moddb.com,74,nofollow,Directory,unknown,Unverified; source describes Ahrefs-style DR,https://github.com/mezmer90/saas-directories/blob/main/saas-directories.csv,2026-09-18,,,needs-research,,,False
d_8bedfd1f1861f6b6,Morning Brew,https://morningbrew.com/,,morningbrew.com,76,nofollow,Newsletter,unknown,Unverified; source describes Ahrefs-style DR,https://github.com/mezmer90/saas-directories/blob/main/saas-directories.csv,2026-09-18,,,needs-research,,,False
d_fd482d8cb7c084cc,Mossai,https://mossai.org/,,mossai.org,,unknown,Directory,unknown,Not supplied by source,https://github.com/mezmer90/saas-directories/blob/main/saas-directories.csv,2026-09-18,,,needs-research,,,False
d_9f596854c8489af5,mostpopularaitools.com,https://mostpopularaitools.com/,,mostpopularaitools.com,,unknown,AI,unknown,Not supplied by source,https://github.com/mezmer90/saas-directories/blob/main/saas-directories.csv,2026-09-18,,,needs-research,,,False
d_6d1c26862f7a896f,Mr. Free Tools,https://mrfreetools.com/,,mrfreetools.com,28,follow,Directory,unknown,Unverified; source describes Ahrefs-style DR,https://github.com/mezmer90/saas-directories/blob/main/saas-directories.csv,2026-09-18,,,needs-research,,,False
d_8be6a2a0bae52fa7,My Startup Tool,https://mystartuptool.com/,,mystartuptool.com,15,follow,Directory,unknown,Unverified; source describes Ahrefs-style DR,https://github.com/mezmer90/saas-directories/blob/main/saas-directories.csv,2026-09-18,,,needs-research,,,False
d_68804820f0f780c3,Mydentify,https://mydentify.com/,https://mydentify.com/submit,mydentify.com,38,unknown,Directory,unknown,Source-reported DR; provider not independently verified,https://github.com/theshubh77/awesome-saas-directories,2026-09-18,,,source-reported,"Source lists this route; acceptance, pricing, and current requirements need checking.",,False
d_88ed6a00f9e01e53,n8n Integrations,https://n8n.io/,https://docs.n8n.io/integrations/creating-nodes/deploy/submit-community-nodes/,n8n.io,90,follow,Marketplace,free,Ahrefs (source-reported),https://github.com/alvinunreal/awesome-submitlist/blob/main/data/destinations.json,2026-09-18,2026-09-14,,source-reported,"Requires a suitable app, integration, extension, deal, or seller account for this platform; not a generic backlink submission.",,False
d_ffb21afbf50b8873,Nathan Barry's Newsletter,https://nathanbarry.com/,,nathanbarry.com,,unknown,Newsletter,unknown,Not supplied by source,https://github.com/alvinunreal/awesome-submitlist/blob/main/data/destinations.json,2026-09-18,2026-09-14,,needs-research,Creator-business audience. No public submission route is established here.,,False
d_b8ab0fa738783847,NavFolders,https://navfolders.com/,,navfolders.com,26,follow,Directory,freemium,Unverified; source describes Ahrefs-style DR,https://github.com/mezmer90/saas-directories/blob/main/saas-directories.csv,2026-09-18,,,needs-research,,,False
d_ed181fb21b5cef13,Navs Site,https://navs.site/,,navs.site,45,follow,Directory,freemium,Unverified; source describes Ahrefs-style DR,https://github.com/mezmer90/saas-directories/blob/main/saas-directories.csv,2026-09-18,,,needs-research,,,False
d_7bede6ef1a328b69,NavTools AI,https://navtools.ai/,,navtools.ai,,unknown,AI,unknown,Not supplied by source,https://github.com/mezmer90/saas-directories/blob/main/saas-directories.csv,2026-09-18,,,needs-research,,,False
d_84dd3e7b1ae064d0,Neede,https://neede.co/,,neede.co,15,follow,Directory,unknown,Unverified; source describes Ahrefs-style DR,https://github.com/mezmer90/saas-directories/blob/main/saas-directories.csv,2026-09-18,,,needs-research,,,False
d_e0ee9314e2ff85f1,Neeed Directory,https://neeed.directory/,https://neeed.directory/submit,neeed.directory,73,follow,Directory,unknown,Unverified; source describes Ahrefs-style DR,https://github.com/mezmer90/saas-directories/blob/main/saas-directories.csv,2026-09-18,,,source-reported,,,False
d_b26ce245dc109cf8,neonrev.com,https://neonrev.com/,,neonrev.com,,unknown,Directory,unknown,Not supplied by source,https://github.com/mezmer90/saas-directories/blob/main/saas-directories.csv,2026-09-18,,,needs-research,,,False
d_0e14657a7c3eeb0e,Netted,https://www.netted.net/,,netted.net,45,nofollow,Directory,unknown,Unverified; source describes Ahrefs-style DR,https://github.com/mezmer90/saas-directories/blob/main/saas-directories.csv,2026-09-18,,,needs-research,,,False
d_4c0f76acceaaf090,New Startups,https://www.new-startups.com/pron,,new-startups.com,35,follow,Press,unknown,Unverified; source describes Ahrefs-style DR,https://github.com/mezmer90/saas-directories/blob/main/saas-directories.csv,2026-09-18,,,needs-research,"Editorial/media prospect, not a guaranteed submission form. Find a relevant angle and the current pitch policy.",Submission path may be truncated; Source path requires review,False
d_6f7a258fa8f83cf6,NewAIForYou,https://newaiforyou.com/,,newaiforyou.com,20,follow,Directory,freemium,Unverified; source describes Ahrefs-style DR,https://github.com/mezmer90/saas-directories/blob/main/saas-directories.csv,2026-09-18,,,needs-research,,,False
d_5bbe9e14142eead8,Next Big Product,http://nextbigproduct.net/,,nextbigproduct.net,22,follow,Directory,unknown,Unverified; source describes Ahrefs-style DR,https://github.com/mezmer90/saas-directories/blob/main/saas-directories.csv,2026-09-18,,,needs-research,,Source uses HTTP,False
d_f4747ba3d5d3e561,nextaitool.com,https://nextaitool.com/,,nextaitool.com,,unknown,AI,unknown,Not supplied by source,https://github.com/mezmer90/saas-directories/blob/main/saas-directories.csv,2026-09-18,,,needs-research,,,False
d_c4c07f47b7bd8ae6,NextBigWhat,https://nextbigwhat.com/,,nextbigwhat.com,38,nofollow,Press,unknown,Unverified; source describes Ahrefs-style DR,https://github.com/mezmer90/saas-directories/blob/main/saas-directories.csv,2026-09-18,,,needs-research,"Editorial/media prospect, not a guaranteed submission form. Find a relevant angle and the current pitch policy.",,False
d_0dac6745fd26c933,Nextdoor,https://nextdoor.com/,https://business.nextdoor.com/en-us/getting-started/business-page,nextdoor.com,91,follow,Local business,free,Ahrefs (source-reported),https://github.com/alvinunreal/awesome-submitlist/blob/main/data/destinations.json,2026-09-18,2026-09-14,,source-reported,Local-business pages and geographic eligibility; not a fit for every SaaS.,,False
d_79d837076003a3fc,NextGen Tools,https://www.nxgntools.com/,https://www.nxgntools.com/~/my-tools,nxgntools.com,56,follow,Directory,unknown,Unverified; source describes Ahrefs-style DR,https://github.com/mezmer90/saas-directories/blob/main/saas-directories.csv,2026-09-18,,,source-reported,,DR sources disagree,False
d_4d758380da94a5bb,nextjsdirectory.com,https://nextjsdirectory.com/,,nextjsdirectory.com,,unknown,Directory,unknown,Not supplied by source,https://github.com/mezmer90/saas-directories/blob/main/saas-directories.csv,2026-09-18,,,needs-research,,,False
d_4b5acfd7729900fd,Nick Launches,https://nicklaunches.com/,https://nicklaunches.com/submit,nicklaunches.com,75,unknown,Directory,unknown,Source-reported DR; provider not independently verified,https://github.com/theshubh77/awesome-saas-directories,2026-09-18,,,source-reported,,,False
d_144ee805309dad25,No Code Founders,https://nocodefounders.com/,,nocodefounders.com,40,follow,Community,unknown,Unverified; source describes Ahrefs-style DR,https://github.com/mezmer90/saas-directories/blob/main/saas-directories.csv,2026-09-18,,,needs-research,,,False
d_e4c76617339612e7,NoCode Tech,https://www.nocode.tech/tools,,nocode.tech,48,nofollow,Directory,unknown,Unverified; source describes Ahrefs-style DR,https://github.com/mezmer90/saas-directories/blob/main/saas-directories.csv,2026-09-18,,,needs-research,,Source path requires review,False
d_ffe14c96719af99c,NoCodeDevs,https://nocodedevs.com/,,nocodedevs.com,40,follow,Directory,unknown,Unverified; source describes Ahrefs-style DR,https://github.com/mezmer90/saas-directories/blob/main/saas-directories.csv,2026-09-18,,,needs-research,,,False
d_19794ad96feab25d,nocodelist.co,https://nocodelist.co/,,nocodelist.co,,unknown,Directory,unknown,Not supplied by source,https://github.com/mezmer90/saas-directories/blob/main/saas-directories.csv,2026-09-18,,,needs-research,,,False
d_184df35719eb8e4f,NoteableAI,https://noteableai.com/,,noteableai.com,28,follow,Directory,freemium,Unverified; source describes Ahrefs-style DR,https://github.com/mezmer90/saas-directories/blob/main/saas-directories.csv,2026-09-18,,,needs-research,,,False
d_7c4b4c8cdd8cff6b,Notion Marketplace,https://notion.so/,https://app.notion.com/profile/connections,notion.so,89,nofollow,Marketplace,free,Ahrefs (source-reported),https://github.com/alvinunreal/awesome-submitlist/blob/main/data/destinations.json,2026-09-18,2026-09-14,,source-reported,"Requires a suitable app, integration, extension, deal, or seller account for this platform; not a generic backlink submission.",,False
d_8f72b7e865bc0921,OGFolio,https://ogfolio.com/,,ogfolio.com,13,unknown,Directory,unknown,Source-reported DR; provider not independently verified,https://github.com/theshubh77/awesome-saas-directories,2026-09-18,,,needs-research,"Source lists this route; acceptance, pricing, and current requirements need checking.",,False
d_c0d4418be009e492,Once.tools,https://once.tools/,,once.tools,32,follow,Directory,free,Unverified; source describes Ahrefs-style DR,https://github.com/mezmer90/saas-directories/blob/main/saas-directories.csv,2026-09-18,,,needs-research,,,False
d_3b98040d05b363ee,One Million Screenshots,https://onemillionscreenshots.com/,,onemillionscreenshots.com,26,follow,Design,freemium,Unverified; source describes Ahrefs-style DR,https://github.com/mezmer90/saas-directories/blob/main/saas-directories.csv,2026-09-18,,,needs-research,,,False
d_d951446762f6a6bd,OneMillionDirectory,https://onemilliondirectory.com/,,onemilliondirectory.com,28,follow,Directory,freemium,Unverified; source describes Ahrefs-style DR,https://github.com/mezmer90/saas-directories/blob/main/saas-directories.csv,2026-09-18,,,needs-research,,,False
d_7c13a83a069e2bef,Online Geniuses,https://onlinegeniuses.com/marketplace-,,onlinegeniuses.com,42,nofollow,Marketplace,unknown,Unverified; source describes Ahrefs-style DR,https://github.com/mezmer90/saas-directories/blob/main/saas-directories.csv,2026-09-18,,,needs-research,,Submission path may be truncated; Source path requires review,False
d_6d145e0d6d1e4e2e,Open Collective,https://opencollective.com/,https://opencollective.com/create,opencollective.com,89,nofollow,Community,free,Ahrefs (source-reported),https://github.com/alvinunreal/awesome-submitlist/blob/main/data/destinations.json,2026-09-18,2026-09-14,,source-reported,Legitimate project/group fundraising; fees and host eligibility can differ.,,False
d_cb0b6e94cd03b696,Open Launch,https://open-launch.com/,https://open-launch.com/projects/submit/,open-launch.com,60,follow,Launch,unknown,Unverified; source describes Ahrefs-style DR,https://github.com/mezmer90/saas-directories/blob/main/saas-directories.csv,2026-09-18,,,source-reported,,DR sources disagree,False
d_182b568488a25e6c,Open Source Projects,https://opensourceprojects.cc/,https://opensourceprojects.cc/submit,opensourceprojects.cc,8,unknown,Developer,unknown,Source-reported DR; provider not independently verified,https://github.com/theshubh77/awesome-saas-directories,2026-09-18,,,source-reported,"Source lists this route; acceptance, pricing, and current requirements need checking.",,False
d_cd8a49f22e27eb1a,Open Startup,https://openstartup.tm/,,openstartup.tm,28,follow,Directory,unknown,Unverified; source describes Ahrefs-style DR,https://github.com/mezmer90/saas-directories/blob/main/saas-directories.csv,2026-09-18,,,needs-research,,,False
d_35604df59ce2393c,Open Startup List,https://openstartuplist.com/,,openstartuplist.com,25,follow,Directory,unknown,Unverified; source describes Ahrefs-style DR,https://github.com/mezmer90/saas-directories/blob/main/saas-directories.csv,2026-09-18,,,needs-research,,,False
d_d66e3d5dfc8cf061,OpenAlternative,https://openalternative.co/,https://openalternative.co/submit,openalternative.co,51,follow,Directory,unknown,Unverified; source describes Ahrefs-style DR,https://github.com/mezmer90/saas-directories/blob/main/saas-directories.csv,2026-09-18,,,source-reported,,DR sources disagree,False
d_01f2c692a24a06c7,OpenFuture AI,https://openfuture.ai/,https://openfuture.ai/submit-tool,openfuture.ai,67,nofollow,AI,freemium,Ahrefs (source-reported),https://github.com/alvinunreal/awesome-submitlist/blob/main/data/destinations.json,2026-09-18,2026-09-14,,source-reported,"Source-reported route and metrics. Review current eligibility, terms, pricing, and the exact published backlink.",DR sources disagree; Link sources disagree,False
d_5d9c5f920f7c483b,OpenHunts,https://openhunts.com/,https://openhunts.com/projects/submit,openhunts.com,70,follow,Launch,free,Ahrefs (source-reported),https://github.com/alvinunreal/awesome-submitlist/blob/main/data/destinations.json,2026-09-18,2026-09-14,,source-reported,"Source-reported route and metrics. Review current eligibility, terms, pricing, and the exact published backlink.",DR sources disagree,False
d_2c1c7625200dbab7,OpenSaasDirectory,https://opensaas.directory/,,opensaas.directory,,unknown,Directory,unknown,Not supplied by source,https://github.com/mezmer90/saas-directories/blob/main/saas-directories.csv,2026-09-18,,,needs-research,,,False
d_8aadfb03caea85ed,opensaasdirectory.com,https://opensaasdirectory.com/,,opensaasdirectory.com,,unknown,Directory,unknown,Not supplied by source,https://github.com/mezmer90/saas-directories/blob/main/saas-directories.csv,2026-09-18,,,needs-research,,,False
d_a9794808dae3771e,OpenTools,https://opentools.ai/,https://opentools.ai/friends/launch-tool,opentools.ai,69,follow,AI,paid,Ahrefs (source-reported),https://github.com/alvinunreal/awesome-submitlist/blob/main/data/destinations.json,2026-09-18,2026-09-14,,source-reported,"Source-reported route and metrics. Review current eligibility, terms, pricing, and the exact published backlink.",,False
d_141a81e89ebf9272,Orbic AI,https://orbic.ai/,,orbic.ai,,unknown,AI,unknown,Not supplied by source,https://github.com/mezmer90/saas-directories/blob/main/saas-directories.csv,2026-09-18,,,needs-research,,,False
d_9630727bd052a107,Owwly,https://owwly.com/products/all,,owwly.com,20,follow,Directory,unknown,Unverified; source describes Ahrefs-style DR,https://github.com/mezmer90/saas-directories/blob/main/saas-directories.csv,2026-09-18,,,needs-research,,Source path requires review,False
d_15c14e7b96ea9549,Oye Startups,https://oyestartups.com/contact,,oyestartups.com,18,follow,Directory,unknown,Unverified; source describes Ahrefs-style DR,https://github.com/mezmer90/saas-directories/blob/main/saas-directories.csv,2026-09-18,,,needs-research,,Source path requires review,False
d_8d705300a30ecccf,Paggu,https://www.paggu.com/,,paggu.com,32,follow,Press,unknown,Unverified; source describes Ahrefs-style DR,https://github.com/mezmer90/saas-directories/blob/main/saas-directories.csv,2026-09-18,,,needs-research,"Editorial/media prospect, not a guaranteed submission form. Find a relevant angle and the current pitch policy.",,False
d_ae832ee304f3ec85,Pando,https://pando.com/,,pando.com,72,nofollow,Press,unknown,Unverified; source describes Ahrefs-style DR,https://github.com/mezmer90/saas-directories/blob/main/saas-directories.csv,2026-09-18,,,needs-research,"Editorial/media prospect, not a guaranteed submission form. Find a relevant angle and the current pitch policy.",,False
d_0d6c840e867e1b5b,PCMag,https://in.pcmag.com/,,in.pcmag.com,91,nofollow,Press,unknown,Unverified; source describes Ahrefs-style DR,https://github.com/mezmer90/saas-directories/blob/main/saas-directories.csv,2026-09-18,,,needs-research,"Editorial/media prospect, not a guaranteed submission form. Find a relevant angle and the current pitch policy.",,False
d_b4388d3d2a3c4244,Peerlist,https://peerlist.io/,https://peerlist.io/launchpad,peerlist.io,77,nofollow,Launch,free,Ahrefs (source-reported),https://github.com/alvinunreal/awesome-submitlist/blob/main/data/destinations.json,2026-09-18,2026-09-14,,source-reported,"Source-reported route and metrics. Review current eligibility, terms, pricing, and the exact published backlink.",DR sources disagree,False
d_b4b63ad032ab27c9,PeerPush,https://peerpush.net/,https://peerpush.com/,peerpush.net,73,follow,Launch,free,Ahrefs (source-reported),https://github.com/alvinunreal/awesome-submitlist/blob/main/data/destinations.json,2026-09-18,2026-09-14,,source-reported,"Source-reported route and metrics. Review current eligibility, terms, pricing, and the exact published backlink.",DR sources disagree,False
d_985c4df31cf4e0fe,PeerSpot,https://peerspot.com/,https://company.peerspot.com/,peerspot.com,74,nofollow,Review,free,Ahrefs (source-reported),https://github.com/alvinunreal/awesome-submitlist/blob/main/data/destinations.json,2026-09-18,2026-09-14,,source-reported,"Source-reported route and metrics. Review current eligibility, terms, pricing, and the exact published backlink.",,False
d_50c24f1c29ebb177,PhotoToolFinder,https://phototoolfinder.com/,https://phototoolfinder.com/submit,phototoolfinder.com,0,unknown,Directory,unknown,Source-reported DR; provider not independently verified,https://github.com/theshubh77/awesome-saas-directories,2026-09-18,,,source-reported,,,False
d_e220ecbe25007b5a,Pinterest,https://pinterest.com/,https://help.pinterest.com/en/business/article/get-a-business-account,pinterest.com,97,nofollow,Community,free,Ahrefs (source-reported),https://github.com/alvinunreal/awesome-submitlist/blob/main/data/destinations.json,2026-09-18,2026-09-14,,source-reported,Original visual content and a business account; follow platform promotion rules.,,False
d_038cf6ff53461999,Pipedrive Marketplace,https://marketplace.pipedrive.com/,,marketplace.pipedrive.com,84,nofollow,Marketplace,unknown,Unverified; source describes Ahrefs-style DR,https://github.com/mezmer90/saas-directories/blob/main/saas-directories.csv,2026-09-18,,,needs-research,,,False
d_cd21e9fbb2a536ca,PitchBook,https://www.pitchbook.com/sponsorship,,pitchbook.com,82,nofollow,Directory,unknown,Unverified; source describes Ahrefs-style DR,https://github.com/mezmer90/saas-directories/blob/main/saas-directories.csv,2026-09-18,,,needs-research,,Source path requires review,False
d_0ef24a8784dd4b3d,PitchWall,https://pitchwall.co/,https://pitchwall.co/submit,pitchwall.co,68,follow,Launch,free,Ahrefs (source-reported),https://github.com/alvinunreal/awesome-submitlist/blob/main/data/destinations.json,2026-09-18,2026-09-14,,source-reported,"Source-reported route and metrics. Review current eligibility, terms, pricing, and the exact published backlink.",DR sources disagree; Link sources disagree,False
d_537dc81913706512,PlatformsDirectory,https://platformsdirectory.com/,,platformsdirectory.com,,unknown,Directory,unknown,Not supplied by source,https://github.com/mezmer90/saas-directories/blob/main/saas-directories.csv,2026-09-18,,,needs-research,,,False
d_745d7c1d135590d2,Pocket Gamer,https://www.pocketgamer.com/pages/cont,,pocketgamer.com,76,nofollow,Press,unknown,Unverified; source describes Ahrefs-style DR,https://github.com/mezmer90/saas-directories/blob/main/saas-directories.csv,2026-09-18,,,needs-research,"Editorial/media prospect, not a guaranteed submission form. Find a relevant angle and the current pitch policy.",Submission path may be truncated; Source path requires review,False
d_2e3b74ee71c890cd,Pocket-lint,https://www.pocket-lint.com/,,pocket-lint.com,85,nofollow,Press,unknown,Unverified; source describes Ahrefs-style DR,https://github.com/mezmer90/saas-directories/blob/main/saas-directories.csv,2026-09-18,,,needs-research,"Editorial/media prospect, not a guaranteed submission form. Find a relevant angle and the current pitch policy.",,False
d_41029a8720c55bac,podcastguests.com,https://podcastguests.com/,,podcastguests.com,,unknown,Directory,unknown,Not supplied by source,https://github.com/mezmer90/saas-directories/blob/main/saas-directories.csv,2026-09-18,,,needs-research,,,False
d_342287f6679c46a4,Pointer,https://pointer.io/,,pointer.io,,unknown,Newsletter,unknown,Not supplied by source,https://github.com/alvinunreal/awesome-submitlist/blob/main/data/destinations.json,2026-09-18,2026-09-14,,needs-research,Developer articles and tools; find current editorial submission rules.,,False
d_86864f3f638a6b3e,Post Make,https://postmake.io/submit,,postmake.io,28,follow,Directory,unknown,Unverified; source describes Ahrefs-style DR,https://github.com/mezmer90/saas-directories/blob/main/saas-directories.csv,2026-09-18,,,needs-research,,Source path requires review,False
d_c07108bebb90f663,PoweredbyAI,https://poweredbyai.app/,,poweredbyai.app,,unknown,Directory,unknown,Not supplied by source,https://github.com/mezmer90/saas-directories/blob/main/saas-directories.csv,2026-09-18,,,needs-research,,,False
d_6bd834191fc3c270,Powerusers AI,https://powerusers.ai/,https://powerusers.ai/submit-ai-tool/,powerusers.ai,33,follow,AI,paid,Ahrefs (source-reported),https://github.com/alvinunreal/awesome-submitlist/blob/main/data/destinations.json,2026-09-18,2026-09-14,,source-reported,"Source-reported route and metrics. Review current eligibility, terms, pricing, and the exact published backlink.",,False
d_9799e1013a0bc742,Prefundia,https://prefundia.com/,,prefundia.com,42,follow,Directory,unknown,Unverified; source describes Ahrefs-style DR,https://github.com/mezmer90/saas-directories/blob/main/saas-directories.csv,2026-09-18,,,needs-research,,,False
d_e0dced4da3f0b32a,Press Hunt,https://presshunt.co/,,presshunt.co,32,nofollow,Directory,unknown,Unverified; source describes Ahrefs-style DR,https://github.com/mezmer90/saas-directories/blob/main/saas-directories.csv,2026-09-18,,,needs-research,,,False
d_a0efeb5df93d6096,Press Notify,https://pressnotify.com/,,pressnotify.com,18,follow,Directory,unknown,Unverified; source describes Ahrefs-style DR,https://github.com/mezmer90/saas-directories/blob/main/saas-directories.csv,2026-09-18,,,needs-research,,,False
d_0572134e72a51f6f,PressFarm,https://press.farm/,,press.farm,35,nofollow,Directory,unknown,Unverified; source describes Ahrefs-style DR,https://github.com/mezmer90/saas-directories/blob/main/saas-directories.csv,2026-09-18,,,needs-research,,,False
d_ac346b4ee84bc091,Priceof.ai,https://priceof.ai/,,priceof.ai,,unknown,AI,unknown,Not supplied by source,https://github.com/mezmer90/saas-directories/blob/main/saas-directories.csv,2026-09-18,,,needs-research,,,False
d_4b9bea45ae60d28c,Pro Launch,https://prolaunch.net/,https://prolaunch.net/projects/submit,prolaunch.net,40,unknown,Directory,unknown,Source-reported DR; provider not independently verified,https://github.com/theshubh77/awesome-saas-directories,2026-09-18,,,source-reported,"Source lists this route; acceptance, pricing, and current requirements need checking.",,False
d_94a534379572a8b0,Product Hunt,https://www.producthunt.com/,https://www.producthunt.com/launch,producthunt.com,91,nofollow,Launch,free,Ahrefs (source-reported),https://github.com/alvinunreal/awesome-submitlist/blob/main/data/destinations.json,2026-09-18,2026-09-14,,source-reported,"Source-reported route and metrics. Review current eligibility, terms, pricing, and the exact published backlink.",Link sources disagree,False
d_32d5303cff45683f,Product School Community,https://productschool.com/,https://productschool.com/slack-community/,productschool.com,74,unknown,Community,free,Ahrefs (source-reported),https://github.com/alvinunreal/awesome-submitlist/blob/main/data/destinations.json,2026-09-18,2026-09-14,,source-reported,Slack community; membership does not guarantee a public indexable backlink.,,False
d_10587c32e738e075,Product Watch,https://productwatch.io/,https://productwatch.io/product/create,productwatch.io,72,unknown,Directory,unknown,Source-reported DR; provider not independently verified,https://github.com/theshubh77/awesome-saas-directories,2026-09-18,,,source-reported,"Source lists this route; acceptance, pricing, and current requirements need checking.",,False
d_9b7b4d3ff43daa92,ProductBurst,https://productburst.com/,https://productburst.com/pre-launch,productburst.com,44,follow,Directory,unknown,Unverified; source describes Ahrefs-style DR,https://github.com/mezmer90/saas-directories/blob/main/saas-directories.csv,2026-09-18,,,source-reported,,DR sources disagree,False
d_7790783296152886,productcool.com,https://productcool.com/,,productcool.com,,unknown,Directory,unknown,Not supplied by source,https://github.com/mezmer90/saas-directories/blob/main/saas-directories.csv,2026-09-18,,,needs-research,,,False
d_7e7cefb044253425,ProductFame,https://productfame.com/,https://productfame.com/products/submit,productfame.com,38,unknown,Directory,unknown,Source-reported DR; provider not independently verified,https://github.com/theshubh77/awesome-saas-directories,2026-09-18,,,source-reported,"Source lists this route; acceptance, pricing, and current requirements need checking.",,False
d_43b192e83245d18d,Productivity Directory,https://productivity.directory/,https://productivity.directory/s/submit,productivity.directory,35,follow,Directory,unknown,Unverified; source describes Ahrefs-style DR,https://github.com/mezmer90/saas-directories/blob/main/saas-directories.csv,2026-09-18,,,source-reported,,DR sources disagree,False
d_a44891061e1902a5,Profit Hunt,https://profithunt.co/,,profithunt.co,15,follow,Directory,unknown,Unverified; source describes Ahrefs-style DR,https://github.com/mezmer90/saas-directories/blob/main/saas-directories.csv,2026-09-18,,,needs-research,,,False
d_ecbbf9787710ae4f,ProgrammableWeb,https://www.programmableweb.com/,,programmableweb.com,78,nofollow,Directory,unknown,Unverified; source describes Ahrefs-style DR,https://github.com/mezmer90/saas-directories/blob/main/saas-directories.csv,2026-09-18,,,needs-research,,,False
d_082204ef925fdb43,Project Hatch,https://www.projecthatch.co/your-story,,projecthatch.co,32,follow,Press,unknown,Unverified; source describes Ahrefs-style DR,https://github.com/mezmer90/saas-directories/blob/main/saas-directories.csv,2026-09-18,,,needs-research,"Editorial/media prospect, not a guaranteed submission form. Find a relevant angle and the current pitch policy.",Source path requires review,False
d_0cf9e562bcd8f6d5,ProjectHunt.me,https://projecthunt.me/,,projecthunt.me,20,follow,Directory,free,Unverified; source describes Ahrefs-style DR,https://github.com/mezmer90/saas-directories/blob/main/saas-directories.csv,2026-09-18,,,needs-research,,,False
d_ad1bdb6f05619f36,Promotehour,https://promotehour.com/,,promotehour.com,15,follow,Directory,unknown,Unverified; source describes Ahrefs-style DR,https://github.com/mezmer90/saas-directories/blob/main/saas-directories.csv,2026-09-18,,,needs-research,,,False
d_8c83a0afc198705f,PromoteProject,https://www.promoteproject.com/,https://www.promoteproject.com/submit-startup,promoteproject.com,18,follow,Directory,unknown,Unverified; source describes Ahrefs-style DR,https://github.com/mezmer90/saas-directories/blob/main/saas-directories.csv,2026-09-18,,,source-reported,,DR sources disagree,False
d_ddcd9299b1437817,PromptZone,https://promptzone.com/,,promptzone.com,30,follow,Community,freemium,Unverified; source describes Ahrefs-style DR,https://github.com/mezmer90/saas-directories/blob/main/saas-directories.csv,2026-09-18,,,needs-research,,,False
d_5995141984679e86,Proofstories,https://proofstories.io/directory,,proofstories.io,34,nofollow,Directory,unknown,Unverified; source describes Ahrefs-style DR,https://github.com/mezmer90/saas-directories/blob/main/saas-directories.csv,2026-09-18,,,needs-research,,Source path requires review,False
d_9f004270f81a0199,ProvenExpert,https://provenexpert.com/,https://www.provenexpert.com/en-us/register/,provenexpert.com,91,follow,Review,free,Ahrefs (source-reported),https://github.com/alvinunreal/awesome-submitlist/blob/main/data/destinations.json,2026-09-18,2026-09-14,,source-reported,Business or expert review profile. Do not manufacture reviews.,,False
d_9d0b96cdb931b83f,Psychology Today,https://psychologytoday.com/,https://member.psychologytoday.com/us/registration,psychologytoday.com,93,unknown,Local business,paid,Ahrefs (source-reported),https://github.com/alvinunreal/awesome-submitlist/blob/main/data/destinations.json,2026-09-18,2026-09-14,,source-reported,Mental-health professionals and treatment providers; not general software.,,False
d_08d4a2b88f2f6265,Public APIs,https://public-apis.io/,,public-apis.io,60,follow,Directory,unknown,Unverified; source describes Ahrefs-style DR,https://github.com/mezmer90/saas-directories/blob/main/saas-directories.csv,2026-09-18,,,needs-research,,,False
d_83b8bfffabb06494,PublicAPIs.dev,https://publicapis.dev/,https://github.com/marcelscruz/public-apis/blob/main/CONTRIBUTING.md,publicapis.dev,45,unknown,Developer,free,Ahrefs (source-reported),https://github.com/alvinunreal/awesome-submitlist/blob/main/data/destinations.json,2026-09-18,2026-09-14,,source-reported,"Source-reported route and metrics. Review current eligibility, terms, pricing, and the exact published backlink.",,False
d_5da1ab4e66f0df3a,quicklist.ing,https://quicklist.ing/,,quicklist.ing,,unknown,Directory,unknown,Not supplied by source,https://github.com/mezmer90/saas-directories/blob/main/saas-directories.csv,2026-09-18,,,needs-research,,,False
d_87066233c6368d7d,Quora Business Profile,https://quora.com/,https://www.quora.com/business/create,quora.com,92,nofollow,Community,free,Ahrefs (source-reported),https://github.com/alvinunreal/awesome-submitlist/blob/main/data/destinations.json,2026-09-18,2026-09-14,,source-reported,Business profile and useful relevant participation; do not spam answers.,,False
d_ee3e829f19cf388e,r/AISaaSHunter,https://www.reddit.com/r/AISaaSHunter/,https://www.reddit.com/r/AISaaSHunter/submit/,reddit.com,,unknown,Community,unknown,Source-reported DR; provider not independently verified,https://github.com/theshubh77/awesome-saas-directories,2026-09-18,,,source-reported,Check current subreddit rules and permitted promotion threads before posting. A submit URL is not permission to self-promote.,,False
d_d8fded961d8eeddd,r/alphaandbetausers,https://www.reddit.com/r/alphaandbetausers/,,reddit.com,,unknown,Community,free,Not supplied by source,https://github.com/alvinunreal/awesome-submitlist/blob/main/data/destinations.json,2026-09-18,2026-09-14,,needs-research,Source reports: Rules unclear; ask moderators. Check current moderator rules and designated threads before posting; a submit URL is not permission to advertise.,Source path requires review,False
d_825d839a8593e491,r/AppBusiness,https://www.reddit.com/r/AppBusiness/,,reddit.com,,unknown,Community,free,Not supplied by source,https://github.com/alvinunreal/awesome-submitlist/blob/main/data/destinations.json,2026-09-18,2026-09-14,,needs-research,Source reports: Promotion thread only. Check current moderator rules and designated threads before posting; a submit URL is not permission to advertise.,Source path requires review,False
d_68af37db25ef5936,r/AppGiveaway,https://www.reddit.com/r/AppGiveaway/,https://www.reddit.com/r/AppGiveaway/submit,reddit.com,,unknown,Community,free,Not supplied by source,https://github.com/alvinunreal/awesome-submitlist/blob/main/data/destinations.json,2026-09-18,2026-09-14,,source-reported,Source reports: Genuine app giveaways only. Check current moderator rules and designated threads before posting; a submit URL is not permission to advertise.,,False
d_4a7166463e03b8cc,r/B2BSaaS,https://www.reddit.com/r/B2BSaaS/,https://www.reddit.com/r/B2BSaaS/submit,reddit.com,,unknown,Community,free,Not supplied by source,https://github.com/alvinunreal/awesome-submitlist/blob/main/data/destinations.json,2026-09-18,2026-09-14,,source-reported,Source reports: B2B SaaS only. Check current moderator rules and designated threads before posting; a submit URL is not permission to advertise.,,False
d_12c9750175619c04,r/betatests,https://www.reddit.com/r/betatests/,https://www.reddit.com/r/betatests/submit,reddit.com,,unknown,Community,free,Not supplied by source,https://github.com/alvinunreal/awesome-submitlist/blob/main/data/destinations.json,2026-09-18,2026-09-14,,source-reported,Source reports: Real beta-testing opportunities. Check current moderator rules and designated threads before posting; a submit URL is not permission to advertise.,,False
d_2653ce5cdc4f0b6c,r/buildinpublic,https://www.reddit.com/r/buildinpublic/,https://www.reddit.com/r/buildinpublic/submit,reddit.com,,unknown,Community,free,Not supplied by source,https://github.com/alvinunreal/awesome-submitlist/blob/main/data/destinations.json,2026-09-18,2026-09-14,,source-reported,Source reports: Direct posts subject to relevance. Check current moderator rules and designated threads before posting; a submit URL is not permission to advertise.,,False
d_10a39b31e0077c66,r/Business_Ideas,https://www.reddit.com/r/Business_Ideas/,,reddit.com,,unknown,Community,free,Not supplied by source,https://github.com/alvinunreal/awesome-submitlist/blob/main/data/destinations.json,2026-09-18,2026-09-14,,needs-research,Source reports: Promotion thread only. Check current moderator rules and designated threads before posting; a submit URL is not permission to advertise.,Source path requires review,False
d_0a53209852497ed2,r/BusinessDeconstructed,https://www.reddit.com/r/BusinessDeconstructed/,https://www.reddit.com/r/BusinessDeconstructed/submit,reddit.com,,unknown,Community,free,Not supplied by source,https://github.com/alvinunreal/awesome-submitlist/blob/main/data/destinations.json,2026-09-18,2026-09-14,,source-reported,Source reports: Business analysis and feedback. Check current moderator rules and designated threads before posting; a submit URL is not permission to advertise.,,False
d_bd22d20e2694d626,r/droidappshowcase,https://www.reddit.com/r/droidappshowcase/,https://www.reddit.com/r/droidappshowcase/submit,reddit.com,,unknown,Community,free,Not supplied by source,https://github.com/alvinunreal/awesome-submitlist/blob/main/data/destinations.json,2026-09-18,2026-09-14,,source-reported,Source reports: Android apps only. Check current moderator rules and designated threads before posting; a submit URL is not permission to advertise.,,False
d_80bc324863e915af,r/FlutterDev,https://www.reddit.com/r/FlutterDev/,https://www.reddit.com/r/FlutterDev/submit,reddit.com,,unknown,Community,free,Not supplied by source,https://github.com/alvinunreal/awesome-submitlist/blob/main/data/destinations.json,2026-09-18,2026-09-14,,source-reported,Source reports: Flutter-related projects only. Check current moderator rules and designated threads before posting; a submit URL is not permission to advertise.,,False
d_be640cbe77217ece,r/gameDevMarketing,https://www.reddit.com/r/gameDevMarketing/,https://www.reddit.com/r/gameDevMarketing/submit,reddit.com,,unknown,Community,free,Not supplied by source,https://github.com/alvinunreal/awesome-submitlist/blob/main/data/destinations.json,2026-09-18,2026-09-14,,source-reported,Source reports: Game marketing only. Check current moderator rules and designated threads before posting; a submit URL is not permission to advertise.,,False
d_f014f42ef7c0d2f9,r/GetStartups,https://www.reddit.com/r/GetStartups/,https://www.reddit.com/r/GetStartups/submit/,reddit.com,,unknown,Community,unknown,Source-reported DR; provider not independently verified,https://github.com/theshubh77/awesome-saas-directories,2026-09-18,,,source-reported,Check current subreddit rules and permitted promotion threads before posting. A submit URL is not permission to self-promote.,,False
d_6b8f681fd2751a3b,r/IMadeThis,https://www.reddit.com/r/IMadeThis/,https://www.reddit.com/r/IMadeThis/submit/,reddit.com,,unknown,Community,unknown,Source-reported DR; provider not independently verified,https://github.com/theshubh77/awesome-saas-directories,2026-09-18,,,source-reported,Check current subreddit rules and permitted promotion threads before posting. A submit URL is not permission to self-promote.,,False
d_f378cbbeb5feeee2,r/indiegames,https://www.reddit.com/r/indiegames/,https://www.reddit.com/r/indiegames/submit,reddit.com,,unknown,Community,free,Not supplied by source,https://github.com/alvinunreal/awesome-submitlist/blob/main/data/destinations.json,2026-09-18,2026-09-14,,source-reported,Source reports: Indie games only. Check current moderator rules and designated threads before posting; a submit URL is not permission to advertise.,,False
d_a833be7ce48261a8,r/IndieGaming,https://www.reddit.com/r/IndieGaming/,https://www.reddit.com/r/IndieGaming/submit,reddit.com,,unknown,Community,free,Not supplied by source,https://github.com/alvinunreal/awesome-submitlist/blob/main/data/destinations.json,2026-09-18,2026-09-14,,source-reported,Source reports: Indie games only. Check current moderator rules and designated threads before posting; a submit URL is not permission to advertise.,,False
d_e085c7637a96ca53,r/indiehackers,https://www.reddit.com/r/indiehackers/,https://www.reddit.com/r/indiehackers/submit,reddit.com,,unknown,Community,free,Not supplied by source,https://github.com/alvinunreal/awesome-submitlist/blob/main/data/destinations.json,2026-09-18,2026-09-14,,source-reported,Source reports: Direct posts subject to relevance. Check current moderator rules and designated threads before posting; a submit URL is not permission to advertise.,,False
d_db8160b091ec2f29,r/iosapps,https://www.reddit.com/r/iosapps/,https://www.reddit.com/r/iosapps/submit,reddit.com,,unknown,Community,free,Not supplied by source,https://github.com/alvinunreal/awesome-submitlist/blob/main/data/destinations.json,2026-09-18,2026-09-14,,source-reported,Source reports: Post or promotion thread. Check current moderator rules and designated threads before posting; a submit URL is not permission to advertise.,,False
d_2da4c2ed3e7dd3b2,r/iOSProgramming,https://www.reddit.com/r/iOSProgramming/,https://www.reddit.com/r/iOSProgramming/submit,reddit.com,,unknown,Community,free,Not supplied by source,https://github.com/alvinunreal/awesome-submitlist/blob/main/data/destinations.json,2026-09-18,2026-09-14,,source-reported,Source reports: Apple-platform development only. Check current moderator rules and designated threads before posting; a submit URL is not permission to advertise.,,False
d_305313c8ba3289d1,r/javascript,https://www.reddit.com/r/javascript/,https://www.reddit.com/r/javascript/submit,reddit.com,,unknown,Community,free,Not supplied by source,https://github.com/alvinunreal/awesome-submitlist/blob/main/data/destinations.json,2026-09-18,2026-09-14,,source-reported,Source reports: Direct posts subject to relevance. Check current moderator rules and designated threads before posting; a submit URL is not permission to advertise.,,False
d_725edf54d45639cb,r/LaunchMyStartup,https://www.reddit.com/r/LaunchMyStartup/,https://www.reddit.com/r/LaunchMyStartup/submit,reddit.com,,unknown,Community,free,Not supplied by source,https://github.com/alvinunreal/awesome-submitlist/blob/main/data/destinations.json,2026-09-18,2026-09-14,,source-reported,Source reports: Startup showcases. Check current moderator rules and designated threads before posting; a submit URL is not permission to advertise.,,False
d_66e21e7a83f2ba61,r/microsaas,https://www.reddit.com/r/microsaas/,https://www.reddit.com/r/microsaas/submit,reddit.com,,unknown,Community,free,Not supplied by source,https://github.com/alvinunreal/awesome-submitlist/blob/main/data/destinations.json,2026-09-18,2026-09-14,,source-reported,Source reports: Direct posts subject to relevance. Check current moderator rules and designated threads before posting; a submit URL is not permission to advertise.,,False
d_4ba4cc24e233dff8,r/MobileAppDevelopers,https://www.reddit.com/r/MobileAppDevelopers/,https://www.reddit.com/r/MobileAppDevelopers/submit,reddit.com,,unknown,Community,free,Not supplied by source,https://github.com/alvinunreal/awesome-submitlist/blob/main/data/destinations.json,2026-09-18,2026-09-14,,source-reported,Source reports: Mobile app development only. Check current moderator rules and designated threads before posting; a submit URL is not permission to advertise.,,False
d_aac15f301b959325,r/nextjs,https://www.reddit.com/r/nextjs/,,reddit.com,,unknown,Community,free,Not supplied by source,https://github.com/alvinunreal/awesome-submitlist/blob/main/data/destinations.json,2026-09-18,2026-09-14,,needs-research,Source reports: Promotion thread only. Check current moderator rules and designated threads before posting; a submit URL is not permission to advertise.,Source path requires review,False
d_0770e6a2d876c470,r/nocode,https://www.reddit.com/r/nocode/,https://www.reddit.com/r/nocode/submit,reddit.com,,unknown,Community,free,Not supplied by source,https://github.com/alvinunreal/awesome-submitlist/blob/main/data/destinations.json,2026-09-18,2026-09-14,,source-reported,Source reports: Post or promotion thread. Check current moderator rules and designated threads before posting; a submit URL is not permission to advertise.,,False
d_1b9f912c1bee17f2,r/notioncreations,https://www.reddit.com/r/notioncreations/,https://www.reddit.com/r/notioncreations/submit,reddit.com,,unknown,Community,free,Not supplied by source,https://github.com/alvinunreal/awesome-submitlist/blob/main/data/destinations.json,2026-09-18,2026-09-14,,source-reported,Source reports: Notion templates only. Check current moderator rules and designated threads before posting; a submit URL is not permission to advertise.,,False
d_5c08ee656a65a33b,r/opensource,https://www.reddit.com/r/opensource/,https://www.reddit.com/r/opensource/submit,reddit.com,,unknown,Community,free,Not supplied by source,https://github.com/alvinunreal/awesome-submitlist/blob/main/data/destinations.json,2026-09-18,2026-09-14,,source-reported,Source reports: Open-source projects only. Check current moderator rules and designated threads before posting; a submit URL is not permission to advertise.,,False
d_2acf5800b2025454,r/ProductHunters,https://www.reddit.com/r/ProductHunters/,https://www.reddit.com/r/ProductHunters/submit,reddit.com,,unknown,Community,free,Not supplied by source,https://github.com/alvinunreal/awesome-submitlist/blob/main/data/destinations.json,2026-09-18,2026-09-14,,source-reported,Source reports: Relevant product discussion. Check current moderator rules and designated threads before posting; a submit URL is not permission to advertise.,,False
d_d1030d17dcc70f89,r/promoteMyApp,https://www.reddit.com/r/promoteMyApp/,https://www.reddit.com/r/promoteMyApp/submit,reddit.com,,unknown,Community,free,Not supplied by source,https://github.com/alvinunreal/awesome-submitlist/blob/main/data/destinations.json,2026-09-18,2026-09-14,,source-reported,Source reports: App promotion; check current rules. Check current moderator rules and designated threads before posting; a submit URL is not permission to advertise.,,False
d_fb5d6f929323ec2b,r/Python,https://www.reddit.com/r/Python/,,reddit.com,,unknown,Community,free,Not supplied by source,https://github.com/alvinunreal/awesome-submitlist/blob/main/data/destinations.json,2026-09-18,2026-09-14,,needs-research,Source reports: Promotion thread only. Check current moderator rules and designated threads before posting; a submit URL is not permission to advertise.,Source path requires review,False
d_64e15ecb378de0ad,r/reactjs,https://www.reddit.com/r/reactjs/,,reddit.com,,unknown,Community,free,Not supplied by source,https://github.com/alvinunreal/awesome-submitlist/blob/main/data/destinations.json,2026-09-18,2026-09-14,,needs-research,Source reports: Comments only. Check current moderator rules and designated threads before posting; a submit URL is not permission to advertise.,Source path requires review,False
d_3f1d5c880ef839b6,r/SaaS,https://www.reddit.com/r/SaaS/,https://www.reddit.com/r/SaaS/submit,reddit.com,,unknown,Community,free,Not supplied by source,https://github.com/alvinunreal/awesome-submitlist/blob/main/data/destinations.json,2026-09-18,2026-09-14,,source-reported,Source reports: Direct posts subject to relevance. Check current moderator rules and designated threads before posting; a submit URL is not permission to advertise.,,False
d_5cab822106f48326,r/saasbuild,https://www.reddit.com/r/saasbuild/,https://www.reddit.com/r/saasbuild/submit/,reddit.com,,unknown,Community,unknown,Source-reported DR; provider not independently verified,https://github.com/theshubh77/awesome-saas-directories,2026-09-18,,,source-reported,Check current subreddit rules and permitted promotion threads before posting. A submit URL is not permission to self-promote.,,False
d_9bc78eb393251650,r/SaaSMarketing,https://www.reddit.com/r/SaaSMarketing/,https://www.reddit.com/r/SaaSMarketing/submit,reddit.com,,unknown,Community,free,Not supplied by source,https://github.com/alvinunreal/awesome-submitlist/blob/main/data/destinations.json,2026-09-18,2026-09-14,,source-reported,Source reports: Marketing-relevant material. Check current moderator rules and designated threads before posting; a submit URL is not permission to advertise.,,False
d_960ee81d8cd1d0b4,r/SaaSSolopreneurs,https://www.reddit.com/r/SaaSSolopreneurs/,https://www.reddit.com/r/SaaSSolopreneurs/submit,reddit.com,,unknown,Community,free,Not supplied by source,https://github.com/alvinunreal/awesome-submitlist/blob/main/data/destinations.json,2026-09-18,2026-09-14,,source-reported,Source reports: SaaS products only. Check current moderator rules and designated threads before posting; a submit URL is not permission to advertise.,,False
d_71fea630cbdbdacf,r/SaaSy,https://www.reddit.com/r/SaaSy/,https://www.reddit.com/r/SaaSy/submit/,reddit.com,,unknown,Community,unknown,Source-reported DR; provider not independently verified,https://github.com/theshubh77/awesome-saas-directories,2026-09-18,,,source-reported,Check current subreddit rules and permitted promotion threads before posting. A submit URL is not permission to self-promote.,,False
d_4d1f17768768241a,r/selfhosted,https://www.reddit.com/r/selfhosted/,,reddit.com,,unknown,Community,free,Not supplied by source,https://github.com/alvinunreal/awesome-submitlist/blob/main/data/destinations.json,2026-09-18,2026-09-14,,needs-research,Source reports: Comments only. Check current moderator rules and designated threads before posting; a submit URL is not permission to advertise.,Source path requires review,False
d_d8655ed2562aca26,r/seogrowth,https://www.reddit.com/r/seogrowth/,https://www.reddit.com/r/seogrowth/submit,reddit.com,,unknown,Community,free,Not supplied by source,https://github.com/alvinunreal/awesome-submitlist/blob/main/data/destinations.json,2026-09-18,2026-09-14,,source-reported,Source reports: SEO-relevant material only. Check current moderator rules and designated threads before posting; a submit URL is not permission to advertise.,,False
d_c9a13367d3c4282c,r/ShowMeYourSaaS,https://www.reddit.com/r/ShowMeYourSaaS/,https://www.reddit.com/r/ShowMeYourSaaS/submit/,reddit.com,,unknown,Community,unknown,Source-reported DR; provider not independently verified,https://github.com/theshubh77/awesome-saas-directories,2026-09-18,,,source-reported,Check current moderator rules and permitted self-promotion before posting.,,False
d_8c3a6640a3f9730b,r/ShowYourApp,https://www.reddit.com/r/ShowYourApp/,https://www.reddit.com/r/ShowYourApp/submit,reddit.com,,unknown,Community,free,Not supplied by source,https://github.com/alvinunreal/awesome-submitlist/blob/main/data/destinations.json,2026-09-18,2026-09-14,,source-reported,Source reports: App and software showcases. Check current moderator rules and designated threads before posting; a submit URL is not permission to advertise.,,False
d_ef50a1eb62c30fe9,r/SideProject,https://www.reddit.com/r/SideProject/,https://www.reddit.com/r/SideProject/submit/,reddit.com,,unknown,Community,unknown,Source-reported DR; provider not independently verified,https://github.com/theshubh77/awesome-saas-directories,2026-09-18,,,source-reported,Check current subreddit rules and permitted promotion threads before posting. A submit URL is not permission to self-promote.,,False
d_f46ea84cfd0e3255,r/sideprojects,https://www.reddit.com/r/sideprojects/,https://www.reddit.com/r/sideprojects/submit,reddit.com,,unknown,Community,free,Not supplied by source,https://github.com/alvinunreal/awesome-submitlist/blob/main/data/destinations.json,2026-09-18,2026-09-14,,source-reported,Source reports: Direct posts subject to relevance. Check current moderator rules and designated threads before posting; a submit URL is not permission to advertise.,,False
d_cebeecc21e23fd53,r/startup,https://www.reddit.com/r/startup/,https://www.reddit.com/r/startup/submit/,reddit.com,,unknown,Community,unknown,Source-reported DR; provider not independently verified,https://github.com/theshubh77/awesome-saas-directories,2026-09-18,,,source-reported,Check current subreddit rules and permitted promotion threads before posting. A submit URL is not permission to self-promote.,,False
d_c8a57a2dfb34f403,r/startupaccelerator,https://www.reddit.com/r/startupaccelerator/,https://www.reddit.com/r/startupaccelerator/submit,reddit.com,,unknown,Community,free,Not supplied by source,https://github.com/alvinunreal/awesome-submitlist/blob/main/data/destinations.json,2026-09-18,2026-09-14,,source-reported,Source reports: Relevant startup growth material. Check current moderator rules and designated threads before posting; a submit URL is not permission to advertise.,,False
d_9b23cecaf498a095,r/StartupDACH,https://www.reddit.com/r/StartupDACH/,https://www.reddit.com/r/StartupDACH/submit,reddit.com,,unknown,Community,free,Not supplied by source,https://github.com/alvinunreal/awesome-submitlist/blob/main/data/destinations.json,2026-09-18,2026-09-14,,source-reported,Source reports: German-speaking startup community. Check current moderator rules and designated threads before posting; a submit URL is not permission to advertise.,,False
d_6ce338b031c94a40,r/Startups_EU,https://www.reddit.com/r/Startups_EU/,https://www.reddit.com/r/Startups_EU/submit,reddit.com,,unknown,Community,free,Not supplied by source,https://github.com/alvinunreal/awesome-submitlist/blob/main/data/destinations.json,2026-09-18,2026-09-14,,source-reported,Source reports: European projects only. Check current moderator rules and designated threads before posting; a submit URL is not permission to advertise.,,False
d_4cd5a13170b7969d,r/StartupSoloFounder,https://www.reddit.com/r/StartupSoloFounder/,https://www.reddit.com/r/StartupSoloFounder/submit,reddit.com,,unknown,Community,free,Not supplied by source,https://github.com/alvinunreal/awesome-submitlist/blob/main/data/destinations.json,2026-09-18,2026-09-14,,source-reported,Source reports: Direct posts subject to relevance. Check current moderator rules and designated threads before posting; a submit URL is not permission to advertise.,,False
d_ff72cd5a61106cdb,r/TestMyApp,https://www.reddit.com/r/TestMyApp/,https://www.reddit.com/r/TestMyApp/submit,reddit.com,,unknown,Community,free,Not supplied by source,https://github.com/alvinunreal/awesome-submitlist/blob/main/data/destinations.json,2026-09-18,2026-09-14,,source-reported,Source reports: Request real app feedback. Check current moderator rules and designated threads before posting; a submit URL is not permission to advertise.,,False
d_2e8dc5a53d979b30,r/vuejs,https://www.reddit.com/r/vuejs/,https://www.reddit.com/r/vuejs/submit,reddit.com,,unknown,Community,free,Not supplied by source,https://github.com/alvinunreal/awesome-submitlist/blob/main/data/destinations.json,2026-09-18,2026-09-14,,source-reported,Source reports: Vue-related projects only. Check current moderator rules and designated threads before posting; a submit URL is not permission to advertise.,,False
d_262c1c4a6d23e305,r/webdev,https://www.reddit.com/r/webdev/,,reddit.com,,unknown,Community,free,Not supplied by source,https://github.com/alvinunreal/awesome-submitlist/blob/main/data/destinations.json,2026-09-18,2026-09-14,,needs-research,Source reports: Promotion thread only. Check current moderator rules and designated threads before posting; a submit URL is not permission to advertise.,Source path requires review,False
d_2a020b64cd6ccffa,Rank in Public,https://rankinpublic.xyz/,,rankinpublic.xyz,35,nofollow,Directory,unknown,Unverified; source describes Ahrefs-style DR,https://github.com/mezmer90/saas-directories/blob/main/saas-directories.csv,2026-09-18,,,needs-research,,,False
d_69bbce77d51a1ff7,RankmyAI,https://www.rankmyai.com/,https://www.rankmyai.com/tool-addition,rankmyai.com,35,unknown,Directory,unknown,Source-reported DR; provider not independently verified,https://github.com/theshubh77/awesome-saas-directories,2026-09-18,,,source-reported,"Source lists this route; acceptance, pricing, and current requirements need checking.",,False
d_0f9ada0a2e8ac89f,RankYourAI,https://rankyourai.com/,,rankyourai.com,36,nofollow,Directory,unknown,Unverified; source describes Ahrefs-style DR,https://github.com/mezmer90/saas-directories/blob/main/saas-directories.csv,2026-09-18,,,needs-research,,,False
d_c82ee20a97579d1d,RapidAPI,https://rapidapi.com/,,rapidapi.com,80,nofollow,Marketplace,unknown,Unverified; source describes Ahrefs-style DR,https://github.com/mezmer90/saas-directories/blob/main/saas-directories.csv,2026-09-18,,,needs-research,,,False
d_d7b0fd544a878ea3,ReadWrite,https://readwrite.com/contributor-guideline,,readwrite.com,78,follow,Press,unknown,Unverified; source describes Ahrefs-style DR,https://github.com/mezmer90/saas-directories/blob/main/saas-directories.csv,2026-09-18,,,needs-research,"Editorial/media prospect, not a guaranteed submission form. Find a relevant angle and the current pitch policy.",Source path requires review,False
d_216063f7c6758759,Ready SaaS Go,http://readysaasgo.com/,,readysaasgo.com,15,follow,Directory,unknown,Unverified; source describes Ahrefs-style DR,https://github.com/mezmer90/saas-directories/blob/main/saas-directories.csv,2026-09-18,,,needs-research,,Source uses HTTP,False
d_a887850ae871678b,Red Ferret,https://www.redferret.net/contact-us,,redferret.net,48,nofollow,Press,unknown,Unverified; source describes Ahrefs-style DR,https://github.com/mezmer90/saas-directories/blob/main/saas-directories.csv,2026-09-18,,,needs-research,"Editorial/media prospect, not a guaranteed submission form. Find a relevant angle and the current pitch policy.",Source path requires review,False
d_90ce957778d13b45,Reddit,https://www.reddit.com/,,reddit.com,95,nofollow,Community,unknown,Unverified; source describes Ahrefs-style DR,https://github.com/mezmer90/saas-directories/blob/main/saas-directories.csv,2026-09-18,,,needs-research,,,False
d_5864affb23abb9ed,Remote Tools,https://www.remote.tools/,,remote.tools,48,follow,Directory,unknown,Unverified; source describes Ahrefs-style DR,https://github.com/mezmer90/saas-directories/blob/main/saas-directories.csv,2026-09-18,,,needs-research,,,False
d_7d3e6998fde5fa36,resellerratings.com,https://resellerratings.com/,,resellerratings.com,,unknown,Directory,unknown,Not supplied by source,https://github.com/mezmer90/saas-directories/blob/main/saas-directories.csv,2026-09-18,,,needs-research,,,False
d_3e2b1937cdd4c7e3,Resource FYI,https://resource.fyi/,https://resource.fyi/account/submit,resource.fyi,30,nofollow,Directory,unknown,Unverified; source describes Ahrefs-style DR,https://github.com/mezmer90/saas-directories/blob/main/saas-directories.csv,2026-09-18,,,source-reported,,DR sources disagree,False
d_61762f524c0c4f5f,Revispy Launchpad,https://www.revispy.com/,https://www.revispy.com/launchpad/create,revispy.com,28,unknown,Directory,unknown,Source-reported DR; provider not independently verified,https://github.com/theshubh77/awesome-saas-directories,2026-09-18,,,source-reported,"Source lists this route; acceptance, pricing, and current requirements need checking.",,False
d_5cfd074eb169448b,Robin Good,https://tools.robingood.com/,,tools.robingood.com,55,follow,Directory,unknown,Unverified; source describes Ahrefs-style DR,https://github.com/mezmer90/saas-directories/blob/main/saas-directories.csv,2026-09-18,,,needs-research,,,False
d_97ae52dc9872260e,Romanian Startups,https://www.romanianstartups.com/,,romanianstartups.com,25,follow,Directory,unknown,Unverified; source describes Ahrefs-style DR,https://github.com/mezmer90/saas-directories/blob/main/saas-directories.csv,2026-09-18,,,needs-research,,,False
d_e47207b0311ec3ea,SaaS AI Tools,https://saasaitools.com/,https://saasaitools.com/submit-listing-2/,saasaitools.com,53,follow,AI,free,Ahrefs (source-reported),https://github.com/alvinunreal/awesome-submitlist/blob/main/data/destinations.json,2026-09-18,2026-09-14,,source-reported,"Source-reported route and metrics. Review current eligibility, terms, pricing, and the exact published backlink.",,False
d_50fb8a24384499e4,SaaS Alliance,https://saasalliance.io/,,saasalliance.io,22,follow,Community,unknown,Unverified; source describes Ahrefs-style DR,https://github.com/mezmer90/saas-directories/blob/main/saas-directories.csv,2026-09-18,,,needs-research,,,False
d_6aac3ef18bb1c84d,SaaS Community,https://saascommunity.com/,,saascommunity.com,20,follow,Community,unknown,Unverified; source describes Ahrefs-style DR,https://github.com/mezmer90/saas-directories/blob/main/saas-directories.csv,2026-09-18,,,needs-research,,,False
d_25cbfc40a8d30890,SaaS Directory,http://saasdirectory.com/,,saasdirectory.com,32,follow,Review,unknown,Unverified; source describes Ahrefs-style DR,https://github.com/mezmer90/saas-directories/blob/main/saas-directories.csv,2026-09-18,,,needs-research,,Source uses HTTP,False
d_0c64051ad970b74a,SaaS Genius,https://www.saasgenius.com/free-listing,,saasgenius.com,35,follow,Review,unknown,Unverified; source describes Ahrefs-style DR,https://github.com/mezmer90/saas-directories/blob/main/saas-directories.csv,2026-09-18,,,needs-research,,Source path requires review,False
d_a1365457f3496955,SaaS Insider,https://saasinsider.com/,,saasinsider.com,18,follow,Community,unknown,Unverified; source describes Ahrefs-style DR,https://github.com/mezmer90/saas-directories/blob/main/saas-directories.csv,2026-09-18,,,needs-research,,,False
d_652e14769965726c,SaaS Landing Page,https://saaslandingpage.com/,https://slpads.framer.website/contact,saaslandingpage.com,53,unknown,Design,paid,Ahrefs (source-reported),https://github.com/alvinunreal/awesome-submitlist/blob/main/data/destinations.json,2026-09-18,2026-09-14,,source-reported,Submit an original live design or appropriate design resource for editorial review.,,False
d_39a25775d5eb390c,SaaS Mag,https://saasmag.com/,,saasmag.com,30,follow,Press,unknown,Unverified; source describes Ahrefs-style DR,https://github.com/mezmer90/saas-directories/blob/main/saas-directories.csv,2026-09-18,,,needs-research,"Editorial/media prospect, not a guaranteed submission form. Find a relevant angle and the current pitch policy.",,False
d_edbb1e9658268079,SaaS Place,https://saasplace.io/,,saasplace.io,25,follow,Directory,unknown,Unverified; source describes Ahrefs-style DR,https://github.com/mezmer90/saas-directories/blob/main/saas-directories.csv,2026-09-18,,,needs-research,,,False
d_ac694dfdd776de63,SaaS Projects,https://saasprojects.com/,,saasprojects.com,28,follow,Directory,unknown,Unverified; source describes Ahrefs-style DR,https://github.com/mezmer90/saas-directories/blob/main/saas-directories.csv,2026-09-18,,,needs-research,,,False
d_2fb68dd2d1a3d34b,SaaSBaba,https://saasbaba.com/,,saasbaba.com,38,follow,Directory,free,Unverified; source describes Ahrefs-style DR,https://github.com/mezmer90/saas-directories/blob/main/saas-directories.csv,2026-09-18,,,needs-research,,,False
d_db55f0f3eafdd03a,SaaSBison,https://saasbison.com/,,saasbison.com,16,follow,Directory,unknown,Unverified; source describes Ahrefs-style DR,https://github.com/mezmer90/saas-directories/blob/main/saas-directories.csv,2026-09-18,,,needs-research,,,False
d_6d0e531ef64a4c89,SaaSBoard,https://saasboard.app/,,saasboard.app,0,unknown,Directory,unknown,Source-reported DR; provider not independently verified,https://github.com/theshubh77/awesome-saas-directories,2026-09-18,,,needs-research,,,False
d_edd86a40f2e693e9,SaaSCity,https://saascity.io/,https://saascity.io/saascity?submit=1,saascity.io,64,unknown,Directory,unknown,Source-reported DR; provider not independently verified,https://github.com/theshubh77/awesome-saas-directories,2026-09-18,,,source-reported,"Source lists this route; acceptance, pricing, and current requirements need checking.",,False
d_9a600e41353a6bbe,SaaSFame,https://saasfame.com/,https://saasfame.com/submit,saasfame.com,70,unknown,Directory,unknown,Source-reported DR; provider not independently verified,https://github.com/theshubh77/awesome-saas-directories,2026-09-18,,,source-reported,"Source lists this route; acceptance, pricing, and current requirements need checking.",,False
d_4205de54bed53dca,SaaSHub,https://www.saashub.com/,https://www.saashub.com/services/submit,saashub.com,76,nofollow,Review,unknown,Unverified; source describes Ahrefs-style DR,https://github.com/mezmer90/saas-directories/blob/main/saas-directories.csv,2026-09-18,,,source-reported,,DR sources disagree,False
d_0d36a6c2fa38c157,SaaSHunt,https://saashunt.best/,,saashunt.best,48,nofollow,Directory,unknown,Unverified; source describes Ahrefs-style DR,https://github.com/mezmer90/saas-directories/blob/main/saas-directories.csv,2026-09-18,,,needs-research,,,False
d_6a0de80891e488ff,SaaSified,https://saasified.co/,,saasified.co,18,follow,Directory,unknown,Unverified; source describes Ahrefs-style DR,https://github.com/mezmer90/saas-directories/blob/main/saas-directories.csv,2026-09-18,,,needs-research,,,False
d_92db138669478331,SaaSList,https://saaslist.com/,,saaslist.com,38,follow,Review,unknown,Unverified; source describes Ahrefs-style DR,https://github.com/mezmer90/saas-directories/blob/main/saas-directories.csv,2026-09-18,,,needs-research,,,False
d_db27f9ef49ae711e,Saaspa.ge,https://www.saaspa.ge/,https://www.saaspa.ge/submit,saaspa.ge,36,follow,Directory,unknown,Unverified; source describes Ahrefs-style DR,https://github.com/mezmer90/saas-directories/blob/main/saas-directories.csv,2026-09-18,,,source-reported,,DR sources disagree,False
d_2c596d806397ff4e,SaaSPirate,https://saaspirate.com/,https://saaspirate.com/submit-saas/,saaspirate.com,68,follow,Marketplace,unknown,Ahrefs (source-reported),https://github.com/alvinunreal/awesome-submitlist/blob/main/data/destinations.json,2026-09-18,2026-09-14,,source-reported,"Requires a suitable app, integration, extension, deal, or seller account for this platform; not a generic backlink submission.",,False
d_c6578e8e1e300d47,SaaSpo,https://saaspo.com/,https://saaspo.com/submit,saaspo.com,57,follow,Design,free,Ahrefs (source-reported),https://github.com/alvinunreal/awesome-submitlist/blob/main/data/destinations.json,2026-09-18,2026-09-14,,source-reported,Submit an original live design or appropriate design resource for editorial review.,DR sources disagree,False
d_b68c1aca0e2cd2eb,SaaSPromo,https://saaspromo.com/,,saaspromo.com,,unknown,Directory,unknown,Not supplied by source,https://github.com/mezmer90/saas-directories/blob/main/saas-directories.csv,2026-09-18,,,needs-research,,,False
d_541bbcdde7d3955d,SaaSRefs,https://saasrefs.com/,,saasrefs.com,20,follow,Directory,unknown,Unverified; source describes Ahrefs-style DR,https://github.com/mezmer90/saas-directories/blob/main/saas-directories.csv,2026-09-18,,,needs-research,,,False
d_57c75881bda0b6bc,Saassy Board,https://saassy-board.com/,,saassy-board.com,26,follow,Directory,unknown,Unverified; source describes Ahrefs-style DR,https://github.com/mezmer90/saas-directories/blob/main/saas-directories.csv,2026-09-18,,,needs-research,,,False
d_22f5d676fea5c1ce,SaaSworthy,https://www.saasworthy.com/,,saasworthy.com,75,follow,Review,free,Ahrefs (source-reported),https://github.com/alvinunreal/awesome-submitlist/blob/main/data/destinations.json,2026-09-18,2026-09-14,,needs-research,"Source-reported route and metrics. Review current eligibility, terms, pricing, and the exact published backlink.",DR sources disagree,False
d_b937aa64183727db,Sales Tools AI,https://salestoolsai.top/,,salestoolsai.top,,unknown,Directory,unknown,Not supplied by source,https://github.com/mezmer90/saas-directories/blob/main/saas-directories.csv,2026-09-18,,,needs-research,,,False
d_7ce8b8af6be2c1b7,ScamAdviser,https://www.scamadviser.com/,,scamadviser.com,80,nofollow,Directory,free,Unverified; source describes Ahrefs-style DR,https://github.com/mezmer90/saas-directories/blob/main/saas-directories.csv,2026-09-18,,,needs-research,,,False
d_212be646e1440f9f,ScoutForge,https://scoutforge.net/,,scoutforge.net,15,follow,Directory,free,Unverified; source describes Ahrefs-style DR,https://github.com/mezmer90/saas-directories/blob/main/saas-directories.csv,2026-09-18,,,needs-research,,,False
d_49c14e0a78d3c3ff,ScrollLaunch,https://www.scrolllaunch.com/,https://www.scrolllaunch.com/dashboard/products/new,scrolllaunch.com,70,unknown,Directory,unknown,Source-reported DR; provider not independently verified,https://github.com/theshubh77/awesome-saas-directories,2026-09-18,,,source-reported,"Source lists this route; acceptance, pricing, and current requirements need checking.",,False
d_c25baa038a7e4a61,searchaidirectory.com,https://searchaidirectory.com/,,searchaidirectory.com,,unknown,Directory,unknown,Not supplied by source,https://github.com/mezmer90/saas-directories/blob/main/saas-directories.csv,2026-09-18,,,needs-research,,,False
d_fd5890ecefe3e9f3,See What New AI,https://www.seewhatnewai.com/,,seewhatnewai.com,25,follow,Directory,free,Unverified; source describes Ahrefs-style DR,https://github.com/mezmer90/saas-directories/blob/main/saas-directories.csv,2026-09-18,,,needs-research,,,False
d_d255ce0a101ae5e9,SelectHub,https://selecthub.com/,https://pmo.selecthub.com/claim-your-product/,selecthub.com,74,follow,Review,free,Ahrefs (source-reported),https://github.com/alvinunreal/awesome-submitlist/blob/main/data/destinations.json,2026-09-18,2026-09-14,,source-reported,"Source-reported route and metrics. Review current eligibility, terms, pricing, and the exact published backlink.",DR sources disagree; Link sources disagree,False
d_bbcc4add9dfcfbbd,Selljam,https://selljam.ai/,,selljam.ai,,unknown,AI,unknown,Not supplied by source,https://github.com/mezmer90/saas-directories/blob/main/saas-directories.csv,2026-09-18,,,needs-research,,,False
d_79f3e7e1d22bdadc,Serchen,https://www.serchen.com/get-listed,https://www.serchen.com/get-listed/,serchen.com,67,follow,Review,free,Ahrefs (source-reported),https://github.com/alvinunreal/awesome-submitlist/blob/main/data/destinations.json,2026-09-18,2026-09-14,,source-reported,"Source-reported route and metrics. Review current eligibility, terms, pricing, and the exact published backlink.",Source path requires review; DR sources disagree,False
d_cffa9eef710f6bb7,SHIP OR DIE,https://shipordie.club/,https://shipordie.club/leaderboard,shipordie.club,13,unknown,Directory,unknown,Source-reported DR; provider not independently verified,https://github.com/theshubh77/awesome-saas-directories,2026-09-18,,,source-reported,"Source lists this route; acceptance, pricing, and current requirements need checking.",,False
d_d6db6b56d4eda0ba,ShipBoost,https://shipboost.io/,https://shipboost.io/submit,shipboost.io,50,unknown,Directory,unknown,Source-reported DR; provider not independently verified,https://github.com/theshubh77/awesome-saas-directories,2026-09-18,,,source-reported,"Source lists this route; acceptance, pricing, and current requirements need checking.",,False
d_873c7efae00c6f4c,ShipYard HQ,https://shipyardhq.dev/,,shipyardhq.dev,35,follow,Directory,unknown,Unverified; source describes Ahrefs-style DR,https://github.com/mezmer90/saas-directories/blob/main/saas-directories.csv,2026-09-18,,,needs-research,,,False
d_5e9c7dfda0b48cd7,Shipybara,https://shipybara.com/,https://shipybara.com/projects/submit,shipybara.com,51,follow,Launch,unknown,Unverified; source describes Ahrefs-style DR,https://github.com/mezmer90/saas-directories/blob/main/saas-directories.csv,2026-09-18,,,source-reported,,DR sources disagree,False
d_f1346bd40eb283ca,Shopify App Store,https://apps.shopify.com/,https://shopify.dev/docs/apps/launch/app-store-review/submit-app-for-review,apps.shopify.com,96,follow,Marketplace,paid,Ahrefs (source-reported),https://github.com/alvinunreal/awesome-submitlist/blob/main/data/destinations.json,2026-09-18,2026-09-14,,source-reported,"Requires a suitable app, integration, extension, deal, or seller account for this platform; not a generic backlink submission.",DR sources disagree; Link sources disagree,False
d_941405fa5b3d4833,ShowMeBestAI,https://showmebest.ai/,https://showmebest.ai/submit,showmebest.ai,76,unknown,AI,unknown,Source-reported DR; provider not independently verified,https://github.com/theshubh77/awesome-saas-directories,2026-09-18,,,source-reported,,,False
d_65a619c15615867b,Sick Tools,https://sick.tools/,,sick.tools,22,follow,Directory,unknown,Unverified; source describes Ahrefs-style DR,https://github.com/mezmer90/saas-directories/blob/main/saas-directories.csv,2026-09-18,,,needs-research,,,False
d_3b380e9fa356e5f8,Sidebar,https://sidebar.io/,https://sidebar.io/submit,sidebar.io,52,nofollow,Newsletter,unknown,Unverified; source describes Ahrefs-style DR,https://github.com/mezmer90/saas-directories/blob/main/saas-directories.csv,2026-09-18,,,source-reported,Editorial newsletter. Research the current pitching or sponsorship route.,DR sources disagree,False
d_b8d0e3230fee7499,Sidehunt,https://sidehunt.io/,https://sidehunt.io/submit,sidehunt.io,43,unknown,Directory,unknown,Source-reported DR; provider not independently verified,https://github.com/theshubh77/awesome-saas-directories,2026-09-18,,,source-reported,"Source lists this route; acceptance, pricing, and current requirements need checking.",,False
d_333d9d79d18d01cc,SideProjectors,https://www.sideprojectors.com/,https://www.sideprojectors.com/submit/type,sideprojectors.com,70,nofollow,Marketplace,free,Ahrefs (source-reported),https://github.com/alvinunreal/awesome-submitlist/blob/main/data/destinations.json,2026-09-18,2026-09-14,,source-reported,"Requires a suitable app, integration, extension, deal, or seller account for this platform; not a generic backlink submission.",DR sources disagree,False
d_1c96528c2cd8db0c,SideProjects,https://sideprojects.net/,,sideprojects.net,26,follow,Community,freemium,Unverified; source describes Ahrefs-style DR,https://github.com/mezmer90/saas-directories/blob/main/saas-directories.csv,2026-09-18,,,needs-research,,,False
d_37abdf2978c717ff,SiliconANGLE,https://siliconangle.com/,,siliconangle.com,76,nofollow,Press,unknown,Unverified; source describes Ahrefs-style DR,https://github.com/mezmer90/saas-directories/blob/main/saas-directories.csv,2026-09-18,,,needs-research,"Editorial/media prospect, not a guaranteed submission form. Find a relevant angle and the current pitch policy.",,False
d_7fb96e39fa935e07,Similar Site Search,http://similarsitesearch.com/webmaster,,similarsitesearch.com,35,nofollow,Directory,unknown,Unverified; source describes Ahrefs-style DR,https://github.com/mezmer90/saas-directories/blob/main/saas-directories.csv,2026-09-18,,,needs-research,,Source uses HTTP; Source path requires review,False
d_e5bb6b46d6fd33f5,Site Promotion Directory,https://www.sitepromotion.directory/,,sitepromotion.directory,56,follow,Directory,freemium,Unverified; source describes Ahrefs-style DR,https://github.com/mezmer90/saas-directories/blob/main/saas-directories.csv,2026-09-18,,,needs-research,,,False
d_9662036e518ce0e7,sitejabber.com,https://sitejabber.com/,,sitejabber.com,,unknown,Directory,unknown,Not supplied by source,https://github.com/mezmer90/saas-directories/blob/main/saas-directories.csv,2026-09-18,,,needs-research,,,False
d_3956d1e0f50d01cf,Sitelike,https://www.sitelike.org/,https://www.sitelike.org/add-site,sitelike.org,66,follow,Directory,free,Ahrefs (source-reported),https://github.com/alvinunreal/awesome-submitlist/blob/main/data/destinations.json,2026-09-18,2026-09-14,,source-reported,"Source-reported route and metrics. Review current eligibility, terms, pricing, and the exact published backlink.",DR sources disagree; Link sources disagree,False
d_bbbb6fccb746f133,SitePoint Forums,https://sitepoint.com/,https://www.sitepoint.com/community/signup,sitepoint.com,86,follow,Developer,free,Ahrefs (source-reported),https://github.com/alvinunreal/awesome-submitlist/blob/main/data/destinations.json,2026-09-18,2026-09-14,,source-reported,Community participation; inspect rules before linking your product.,,False
d_92df578f8ea58270,Sites Directory,https://dir.org.vn/,,dir.org.vn,59,follow,Directory,freemium,Unverified; source describes Ahrefs-style DR,https://github.com/mezmer90/saas-directories/blob/main/saas-directories.csv,2026-09-18,,,needs-research,,,False
d_03caecac84f7d4f0,Slack App Directory,https://slack.com/,https://api.slack.com/apps,slack.com,92,follow,Marketplace,free,Ahrefs (source-reported),https://github.com/alvinunreal/awesome-submitlist/blob/main/data/destinations.json,2026-09-18,2026-09-14,,source-reported,"Requires a suitable app, integration, extension, deal, or seller account for this platform; not a generic backlink submission.",,False
d_c4f2ddb1eef7bf28,Slant,http://slant.co/,,slant.co,67,nofollow,Directory,unknown,Unverified; source describes Ahrefs-style DR,https://github.com/mezmer90/saas-directories/blob/main/saas-directories.csv,2026-09-18,,,needs-research,,Source uses HTTP,False
d_ad89af30e5ec5d63,Slashdot,http://slashdot.org/,,slashdot.org,82,nofollow,Directory,unknown,Unverified; source describes Ahrefs-style DR,https://github.com/mezmer90/saas-directories/blob/main/saas-directories.csv,2026-09-18,,,needs-research,,Source uses HTTP,False
d_f620cbee737a16dc,Slate,https://slate.com/pitch,,slate.com,89,nofollow,Press,unknown,Unverified; source describes Ahrefs-style DR,https://github.com/mezmer90/saas-directories/blob/main/saas-directories.csv,2026-09-18,,,needs-research,"Editorial/media prospect, not a guaranteed submission form. Find a relevant angle and the current pitch policy.",Source path requires review,False
d_c1dcef3bdffc3f08,Small Business Marketing Tools,https://sbmarketingtools.com/,,sbmarketingtools.com,28,follow,Directory,unknown,Unverified; source describes Ahrefs-style DR,https://github.com/mezmer90/saas-directories/blob/main/saas-directories.csv,2026-09-18,,,needs-research,,,False
d_d87031ea34464aa8,SmartMoneyMatch,https://www.smartmoneymatch.com/busin,,smartmoneymatch.com,32,nofollow,Directory,unknown,Unverified; source describes Ahrefs-style DR,https://github.com/mezmer90/saas-directories/blob/main/saas-directories.csv,2026-09-18,,,needs-research,,Submission path may be truncated; Source path requires review,False
d_e93f3894144d9501,Smol Launch,https://smollaunch.com/,https://smollaunch.com/dashboard/products/new,smollaunch.com,74,unknown,Directory,unknown,Source-reported DR; provider not independently verified,https://github.com/theshubh77/awesome-saas-directories,2026-09-18,,,source-reported,"Source lists this route; acceptance, pricing, and current requirements need checking.",,False
d_eb7b1cd3de8eae52,Snapmunk,https://startups.snapmunk.com/,,startups.snapmunk.com,32,follow,Directory,unknown,Unverified; source describes Ahrefs-style DR,https://github.com/mezmer90/saas-directories/blob/main/saas-directories.csv,2026-09-18,,,needs-research,,,False
d_3f6d1b7f3a990b5a,Softonic,https://softonic.com/,https://publishing-center.softonic.com/home,softonic.com,86,nofollow,Developer,free,Ahrefs (source-reported),https://github.com/alvinunreal/awesome-submitlist/blob/main/data/destinations.json,2026-09-18,2026-09-14,,source-reported,Developer software catalog; platform and editorial requirements apply.,,False
d_8669e450df049bc7,Softpedia,https://softpedia.com/,https://www.softpedia.com/user/submit.shtml,softpedia.com,86,follow,Developer,free,Ahrefs (source-reported),https://github.com/alvinunreal/awesome-submitlist/blob/main/data/destinations.json,2026-09-18,2026-09-14,,source-reported,Software download library; editorial acceptance required.,,False
d_84f70d714f711b7a,Software Advice,https://www.softwareadvice.com/,https://app.g2digitalmarkets.com/get-listed/start,softwareadvice.com,87,nofollow,Review,free,Ahrefs (source-reported),https://github.com/alvinunreal/awesome-submitlist/blob/main/data/destinations.json,2026-09-18,2026-09-14,,source-reported,B2B software vendor intake; confirm publication on this specific property.,DR sources disagree,False
d_02546f9ed16ca714,Software Lead Weekly,https://softwareleadweekly.com/,,softwareleadweekly.com,,unknown,Newsletter,unknown,Not supplied by source,https://github.com/alvinunreal/awesome-submitlist/blob/main/data/destinations.json,2026-09-18,2026-09-14,,needs-research,Engineering-leadership reading and tools; pitch relevant material only.,,False
d_7f642ee07a7efd62,softwareselect.com,https://softwareselect.com/,,softwareselect.com,,unknown,Directory,unknown,Not supplied by source,https://github.com/mezmer90/saas-directories/blob/main/saas-directories.csv,2026-09-18,,,needs-research,,,False
d_74eb4d805fc70973,softwareselecthq.com,https://softwareselecthq.com/,,softwareselecthq.com,,unknown,Directory,unknown,Not supplied by source,https://github.com/mezmer90/saas-directories/blob/main/saas-directories.csv,2026-09-18,,,needs-research,,,False
d_5086e2be924a73c6,SoftwareSuggest,http://softwaresuggest.com/vendors,,softwaresuggest.com,65,nofollow,Review,unknown,Unverified; source describes Ahrefs-style DR,https://github.com/mezmer90/saas-directories/blob/main/saas-directories.csv,2026-09-18,,,needs-research,,Source uses HTTP; Source path requires review,False
d_e2776c1d98f8dfb6,SoftwareSupp,https://softwaresupp.com/,,softwaresupp.com,42,follow,Review,unknown,Unverified; source describes Ahrefs-style DR,https://github.com/mezmer90/saas-directories/blob/main/saas-directories.csv,2026-09-18,,,needs-research,,,False
d_825af87e602b2c48,SoftwareWorld,https://www.softwareworld.co/,,softwareworld.co,73,follow,Review,free,Ahrefs (source-reported),https://github.com/alvinunreal/awesome-submitlist/blob/main/data/destinations.json,2026-09-18,2026-09-14,,needs-research,"Source-reported route and metrics. Review current eligibility, terms, pricing, and the exact published backlink.",Link sources disagree,False
d_1b034e2cae96dce8,sololaunches.com,https://sololaunches.com/,,sololaunches.com,,unknown,Directory,unknown,Not supplied by source,https://github.com/mezmer90/saas-directories/blob/main/saas-directories.csv,2026-09-18,,,needs-research,,,False
d_83ff0b06d9fa49bd,SoloPush,https://solopush.com/,,solopush.com,46,follow,Directory,unknown,Unverified; source describes Ahrefs-style DR,https://github.com/mezmer90/saas-directories/blob/main/saas-directories.csv,2026-09-18,,,needs-research,,,False
d_64bb032e7a8ff3f0,SourceForge,https://sourceforge.net/,https://sourceforge.net/p/add_project,sourceforge.net,92,follow,Developer,free,Ahrefs (source-reported),https://github.com/alvinunreal/awesome-submitlist/blob/main/data/destinations.json,2026-09-18,2026-09-14,,source-reported,Open-source project hosting; use the appropriate commercial-software intake for non-open-source products.,Link sources disagree,False
d_a5727d9810f5a00d,Space Bandits,https://www.spacebandits.io/startups,,spacebandits.io,15,follow,Directory,unknown,Unverified; source describes Ahrefs-style DR,https://github.com/mezmer90/saas-directories/blob/main/saas-directories.csv,2026-09-18,,,needs-research,,Source path requires review,False
d_431f2e17ae818667,SparkToro Office Hours,https://sparktoro.com/blog,,sparktoro.com,,unknown,Newsletter,unknown,Not supplied by source,https://github.com/alvinunreal/awesome-submitlist/blob/main/data/destinations.json,2026-09-18,2026-09-14,,needs-research,Audience-research/marketing content. Editorial fit and current access must be researched.,Source path requires review,False
d_b88f6f30c7b640d0,Spectacle,https://spectacle.is/submit,,spectacle.is,15,follow,Directory,unknown,Unverified; source describes Ahrefs-style DR,https://github.com/mezmer90/saas-directories/blob/main/saas-directories.csv,2026-09-18,,,needs-research,,Source path requires review,False
d_836d54971349fa89,Spiceworks,https://spiceworks.com/,,spiceworks.com,82,nofollow,Review,unknown,Unverified; source describes Ahrefs-style DR,https://github.com/mezmer90/saas-directories/blob/main/saas-directories.csv,2026-09-18,,,needs-research,,,False
d_845298fc6476fe33,Spiff.store,https://spiff.store/,,spiff.store,33,follow,Directory,freemium,Unverified; source describes Ahrefs-style DR,https://github.com/mezmer90/saas-directories/blob/main/saas-directories.csv,2026-09-18,,,needs-research,,,False
d_9bbd726ce6a6f34c,Spoke,https://www.spoke.com/,,spoke.com,52,nofollow,Directory,unknown,Unverified; source describes Ahrefs-style DR,https://github.com/mezmer90/saas-directories/blob/main/saas-directories.csv,2026-09-18,,,needs-research,,,False
d_656b6db119787c73,Spot SaaS,https://spotsaas.com/,https://www.spotsaas.com/get-listed,spotsaas.com,67,follow,Review,free,Ahrefs (source-reported),https://github.com/alvinunreal/awesome-submitlist/blob/main/data/destinations.json,2026-09-18,2026-09-14,,source-reported,"Source-reported route and metrics. Review current eligibility, terms, pricing, and the exact published backlink.",DR sources disagree,False
d_fec266a881063a02,spreadtheworld.net,https://spreadtheworld.net/,,spreadtheworld.net,,unknown,Directory,unknown,Not supplied by source,https://github.com/mezmer90/saas-directories/blob/main/saas-directories.csv,2026-09-18,,,needs-research,,,False
d_4971e9271db674d3,Springwise,https://www.springwise.com/,,springwise.com,68,nofollow,Press,unknown,Unverified; source describes Ahrefs-style DR,https://github.com/mezmer90/saas-directories/blob/main/saas-directories.csv,2026-09-18,,,needs-research,"Editorial/media prospect, not a guaranteed submission form. Find a relevant angle and the current pitch policy.",,False
d_b88f743994dcaddd,Sprout24,https://sprout24.com/,,sprout24.com,64,follow,Directory,freemium,Unverified; source describes Ahrefs-style DR,https://github.com/mezmer90/saas-directories/blob/main/saas-directories.csv,2026-09-18,,,needs-research,,,False
d_4aa3a1739247ff3c,SpsFeed,https://spsfeed.com/,,spsfeed.com,22,follow,Directory,unknown,Unverified; source describes Ahrefs-style DR,https://github.com/mezmer90/saas-directories/blob/main/saas-directories.csv,2026-09-18,,,needs-research,,,False
d_2e638547009796d5,StackList,https://stacklist.com/,,stacklist.com,18,follow,Directory,unknown,Unverified; source describes Ahrefs-style DR,https://github.com/mezmer90/saas-directories/blob/main/saas-directories.csv,2026-09-18,,,needs-research,,,False
d_1d0f9fc2f8867cb8,stackmention.com,https://stackmention.com/,,stackmention.com,,unknown,Directory,unknown,Not supplied by source,https://github.com/mezmer90/saas-directories/blob/main/saas-directories.csv,2026-09-18,,,needs-research,,,False
d_5872aa164f903870,StackShare,https://stackshare.io/,,stackshare.io,80,nofollow,Directory,freemium,Unverified; source describes Ahrefs-style DR,https://github.com/mezmer90/saas-directories/blob/main/saas-directories.csv,2026-09-18,,,needs-research,,DR sources disagree,False
d_0ab848b2f7a7606f,Stackviv,https://stackviv.ai/,,stackviv.ai,,unknown,AI,unknown,Not supplied by source,https://github.com/mezmer90/saas-directories/blob/main/saas-directories.csv,2026-09-18,,,needs-research,,,False
d_f2f36496604b61f6,Starter Story,https://www.starterstory.com/share,,starterstory.com,71,follow,Directory,unknown,Unverified; source describes Ahrefs-style DR,https://github.com/mezmer90/saas-directories/blob/main/saas-directories.csv,2026-09-18,,,needs-research,,Source path requires review,False
d_50fdf435eed303d3,StartFast,https://startfa.st/,https://startfa.st/submit,startfa.st,0,unknown,Directory,unknown,Source-reported DR; provider not independently verified,https://github.com/theshubh77/awesome-saas-directories,2026-09-18,,,source-reported,,,False
d_ea7c945e1df5a003,Starticorn,https://starticorn.com/submit,,starticorn.com,18,follow,Directory,unknown,Unverified; source describes Ahrefs-style DR,https://github.com/mezmer90/saas-directories/blob/main/saas-directories.csv,2026-09-18,,,needs-research,,Source path requires review,False
d_41f3f7a3720c83e3,Startup AIdeas,https://startupaideas.com/,https://startupaideas.com/submit,startupaideas.com,38,unknown,Directory,unknown,Source-reported DR; provider not independently verified,https://github.com/theshubh77/awesome-saas-directories,2026-09-18,,,source-reported,"Source lists this route; acceptance, pricing, and current requirements need checking.",,False
d_66b44d6fd8009056,Startup Benchmarks,https://www.startupbenchmarks.com/,,startupbenchmarks.com,22,nofollow,Directory,unknown,Unverified; source describes Ahrefs-style DR,https://github.com/mezmer90/saas-directories/blob/main/saas-directories.csv,2026-09-18,,,needs-research,,,False
d_e42b9868b8ee6e5d,Startup Buffer,https://startupbuffer.com/,https://startupbuffer.com/site/submit,startupbuffer.com,43,follow,Directory,free,Ahrefs (source-reported),https://github.com/alvinunreal/awesome-submitlist/blob/main/data/destinations.json,2026-09-18,2026-09-14,,source-reported,"Source-reported route and metrics. Review current eligibility, terms, pricing, and the exact published backlink.",DR sources disagree,False
d_6661da9eea3be5cd,Startup Button,https://www.startupbutton.com/,,startupbutton.com,22,follow,Directory,unknown,Unverified; source describes Ahrefs-style DR,https://github.com/mezmer90/saas-directories/blob/main/saas-directories.csv,2026-09-18,,,needs-research,,,False
d_5ab811fe7fa55073,Startup Collections,http://startupcollections.com/,,startupcollections.com,22,follow,Directory,unknown,Unverified; source describes Ahrefs-style DR,https://github.com/mezmer90/saas-directories/blob/main/saas-directories.csv,2026-09-18,,,needs-research,,Source uses HTTP,False
d_4fbdcc49fba2cfb8,Startup Costs,https://www.startupcosts.co/signup,,startupcosts.co,25,follow,Directory,unknown,Unverified; source describes Ahrefs-style DR,https://github.com/mezmer90/saas-directories/blob/main/saas-directories.csv,2026-09-18,,,needs-research,,Source path requires review,False
d_4fd83627a7e916ba,Startup Deals,https://www.startupdeals.tech/,,startupdeals.tech,18,follow,Directory,unknown,Unverified; source describes Ahrefs-style DR,https://github.com/mezmer90/saas-directories/blob/main/saas-directories.csv,2026-09-18,,,needs-research,,,False
d_e8b7d8c37f9bcd3b,Startup Dope,https://startupdope.com/submit-nev,,startupdope.com,35,follow,Press,unknown,Unverified; source describes Ahrefs-style DR,https://github.com/mezmer90/saas-directories/blob/main/saas-directories.csv,2026-09-18,,,needs-research,"Editorial/media prospect, not a guaranteed submission form. Find a relevant angle and the current pitch policy.",Submission path may be truncated; Source path requires review,False
d_96e68ff335997e59,Startup Europe,http://startupeurope.net/,,startupeurope.net,35,follow,Directory,unknown,Unverified; source describes Ahrefs-style DR,https://github.com/mezmer90/saas-directories/blob/main/saas-directories.csv,2026-09-18,,,needs-research,,Source uses HTTP,False
d_ff041f309ddd6566,Startup Fame,https://startupfa.me/,https://startupfa.me/dashboard,startupfa.me,82,follow,Launch,unknown,Unverified; source describes Ahrefs-style DR,https://github.com/mezmer90/saas-directories/blob/main/saas-directories.csv,2026-09-18,,,source-reported,,DR sources disagree,False
d_b8dd2c77b1070187,Startup Fast,https://www.startupfa.st/,https://www.startupfa.st/submit,startupfa.st,59,nofollow,Directory,unknown,Unverified; source describes Ahrefs-style DR,https://github.com/mezmer90/saas-directories/blob/main/saas-directories.csv,2026-09-18,,,source-reported,,DR sources disagree,False
d_09a11fab7d256cfc,Startup Founders,https://startupfounders.com.au/,,startupfounders.com.au,22,follow,Directory,unknown,Unverified; source describes Ahrefs-style DR,https://github.com/mezmer90/saas-directories/blob/main/saas-directories.csv,2026-09-18,,,needs-research,,,False
d_e2a41b6add62274c,Startup Galaxy,https://world.startupsgalaxy.com/,,world.startupsgalaxy.com,25,follow,Directory,unknown,Unverified; source describes Ahrefs-style DR,https://github.com/mezmer90/saas-directories/blob/main/saas-directories.csv,2026-09-18,,,needs-research,,,False
d_bfc300d3fa8f248c,Startup Grind,https://startupgrind.com/,https://startup.startupgrind.com/apply/,startupgrind.com,76,unknown,Community,free,Ahrefs (source-reported),https://github.com/alvinunreal/awesome-submitlist/blob/main/data/destinations.json,2026-09-18,2026-09-14,,source-reported,Vetted startup membership; not guaranteed listing acceptance.,,False
d_d09d61a144e2563a,Startup Guys,http://startupguys.net/submit-startup,,startupguys.net,30,follow,Directory,unknown,Unverified; source describes Ahrefs-style DR,https://github.com/mezmer90/saas-directories/blob/main/saas-directories.csv,2026-09-18,,,needs-research,,Source uses HTTP; Source path requires review,False
d_e19aa42ef76e3bbc,Startup Heroes,https://startupheroes.io/,https://startupheroes.io/submit/startup/,startupheroes.io,14,unknown,Directory,paid,Ahrefs (source-reported),https://github.com/alvinunreal/awesome-submitlist/blob/main/data/destinations.json,2026-09-18,2026-09-14,,source-reported,"Source-reported route and metrics. Review current eligibility, terms, pricing, and the exact published backlink.",,False
d_db8da082cc98714b,Startup Inspire,http://startupinspire.com/startups,,startupinspire.com,25,follow,Directory,unknown,Unverified; source describes Ahrefs-style DR,https://github.com/mezmer90/saas-directories/blob/main/saas-directories.csv,2026-09-18,,,needs-research,,Source uses HTTP; Source path requires review,False
d_d66b3f70d4497404,Startup Listing,https://startuplist.ing/,https://startuplist.ing/products/new,startuplist.ing,43,nofollow,Directory,unknown,Unverified; source describes Ahrefs-style DR,https://github.com/mezmer90/saas-directories/blob/main/saas-directories.csv,2026-09-18,,,source-reported,,DR sources disagree,False
d_306cc86fccaa3bfa,Startup Ranking,https://www.startupranking.com/,,startupranking.com,65,nofollow,Directory,unknown,Unverified; source describes Ahrefs-style DR,https://github.com/mezmer90/saas-directories/blob/main/saas-directories.csv,2026-09-18,,,needs-research,,,False
d_c14054dbbe09591f,Startup Resources,https://startupresources.io/,,startupresources.io,28,follow,Directory,unknown,Unverified; source describes Ahrefs-style DR,https://github.com/mezmer90/saas-directories/blob/main/saas-directories.csv,2026-09-18,,,needs-research,,,False
d_8c1ab911e730593a,Startup Roulette,http://startuproulette.com/,,startuproulette.com,18,follow,Directory,unknown,Unverified; source describes Ahrefs-style DR,https://github.com/mezmer90/saas-directories/blob/main/saas-directories.csv,2026-09-18,,,needs-research,,Source uses HTTP,False
d_8c32ece37a2898a0,Startup Savant,https://startupsavant.com/,,startupsavant.com,62,follow,Directory,unknown,Unverified; source describes Ahrefs-style DR,https://github.com/mezmer90/saas-directories/blob/main/saas-directories.csv,2026-09-18,,,needs-research,,,False
d_302075d6b126d9d9,Startup Sea,http://www.startupsea.com/p/submi,,startupsea.com,18,follow,Directory,unknown,Unverified; source describes Ahrefs-style DR,https://github.com/mezmer90/saas-directories/blob/main/saas-directories.csv,2026-09-18,,,needs-research,,Source uses HTTP; Source path requires review,False
d_c0b02e48d395cb3b,Startup Stash,https://startupstash.com/,https://startupstash.com/add-listing/,startupstash.com,65,follow,Directory,unknown,Ahrefs (source-reported),https://github.com/alvinunreal/awesome-submitlist/blob/main/data/destinations.json,2026-09-18,2026-09-14,,source-reported,"Source-reported route and metrics. Review current eligibility, terms, pricing, and the exact published backlink.",,False
d_4373ae2e093de7f2,Startup Tabs,https://www.startuptabs.com/,,startuptabs.com,18,follow,Directory,unknown,Unverified; source describes Ahrefs-style DR,https://github.com/mezmer90/saas-directories/blob/main/saas-directories.csv,2026-09-18,,,needs-research,,,False
d_05eca1c2166aa9ff,Startup Tracker,https://startuptracker.io/crowdsourcing,,startuptracker.io,38,nofollow,Directory,unknown,Unverified; source describes Ahrefs-style DR,https://github.com/mezmer90/saas-directories/blob/main/saas-directories.csv,2026-09-18,,,needs-research,,Source path requires review,False
d_ff1bc49d1cdba561,Startup Wizz,http://startupwizz.com/submit-a-startup,,startupwizz.com,22,follow,Directory,unknown,Unverified; source describes Ahrefs-style DR,https://github.com/mezmer90/saas-directories/blob/main/saas-directories.csv,2026-09-18,,,needs-research,,Source uses HTTP; Source path requires review,False
d_bcbb1267f5a0417d,Startup Wonders,https://startupwonders.com/submit/star,,startupwonders.com,18,follow,Directory,unknown,Unverified; source describes Ahrefs-style DR,https://github.com/mezmer90/saas-directories/blob/main/saas-directories.csv,2026-09-18,,,needs-research,,Source path requires review,False
d_02423d82fb6b339f,Startup World,https://www.startupworld.com/conti,,startupworld.com,28,follow,Press,unknown,Unverified; source describes Ahrefs-style DR,https://github.com/mezmer90/saas-directories/blob/main/saas-directories.csv,2026-09-18,,,needs-research,"Editorial/media prospect, not a guaranteed submission form. Find a relevant angle and the current pitch policy.",Submission path may be truncated; Source path requires review,False
d_99961a107204c0fa,Startup.sx,https://www.startup.sx/,https://www.startup.sx/submit,startup.sx,32,unknown,Directory,unknown,Source-reported DR; provider not independently verified,https://github.com/theshubh77/awesome-saas-directories,2026-09-18,,,source-reported,"Source lists this route; acceptance, pricing, and current requirements need checking.",,False
d_5f8a2ed3dacf13cd,Startup88,https://startup88.com/category/star,,startup88.com,25,follow,Press,unknown,Unverified; source describes Ahrefs-style DR,https://github.com/mezmer90/saas-directories/blob/main/saas-directories.csv,2026-09-18,,,needs-research,"Editorial/media prospect, not a guaranteed submission form. Find a relevant angle and the current pitch policy.",Submission path may be truncated; Source path requires review,False
d_4b2647030513ad1e,StartupBase,https://startupbase.io/,https://startupbase.io/submit,startupbase.io,39,follow,Directory,unknown,Unverified; source describes Ahrefs-style DR,https://github.com/mezmer90/saas-directories/blob/main/saas-directories.csv,2026-09-18,,,source-reported,,DR sources disagree,False
d_8fdbdd08dc6737db,StartupBeat,https://startupbeat.com/get-featured,,startupbeat.com,28,follow,Press,unknown,Unverified; source describes Ahrefs-style DR,https://github.com/mezmer90/saas-directories/blob/main/saas-directories.csv,2026-09-18,,,needs-research,"Editorial/media prospect, not a guaranteed submission form. Find a relevant angle and the current pitch policy.",Source path requires review,False
d_d5c50439505d63a4,StartupBlink,https://startupblink.com/,https://www.startupblink.com/startups/add,startupblink.com,72,nofollow,Directory,free,Ahrefs (source-reported),https://github.com/alvinunreal/awesome-submitlist/blob/main/data/destinations.json,2026-09-18,2026-09-14,,source-reported,"Source-reported route and metrics. Review current eligibility, terms, pricing, and the exact published backlink.",,False
d_891d6427024a5a4f,startupindex.com,https://startupindex.com/,,startupindex.com,,unknown,Directory,unknown,Not supplied by source,https://github.com/mezmer90/saas-directories/blob/main/saas-directories.csv,2026-09-18,,,needs-research,,,False
d_b6f3f99d4e3db6d1,StartupLibrary,https://startuplibrary.net/,https://startuplibrary.net/submit,startuplibrary.net,33,unknown,Directory,unknown,Source-reported DR; provider not independently verified,https://github.com/theshubh77/awesome-saas-directories,2026-09-18,,,source-reported,"Source lists this route; acceptance, pricing, and current requirements need checking.",,False
d_6414cd4f8456c49d,StartupLift,http://startuplift.com/submit-your-startup,,startuplift.com,32,follow,Directory,unknown,Unverified; source describes Ahrefs-style DR,https://github.com/mezmer90/saas-directories/blob/main/saas-directories.csv,2026-09-18,,,needs-research,,Source uses HTTP; Source path requires review,False
d_7eb0783181acaf50,startuplist.in,https://startuplist.in/,,startuplist.in,,unknown,Directory,unknown,Not supplied by source,https://github.com/mezmer90/saas-directories/blob/main/saas-directories.csv,2026-09-18,,,needs-research,,,False
d_ddab5e08c72cc984,Startuplister,https://startuplister.com/,,startuplister.com,34,follow,Directory,freemium,Unverified; source describes Ahrefs-style DR,https://github.com/mezmer90/saas-directories/blob/main/saas-directories.csv,2026-09-18,,,needs-research,,,False
d_b30cb75b839063cc,startupname.com,https://startupname.com/,,startupname.com,,unknown,Directory,unknown,Not supplied by source,https://github.com/mezmer90/saas-directories/blob/main/saas-directories.csv,2026-09-18,,,needs-research,,,False
d_ab8cdd117b4c818d,Startups Lab,https://startupslab.site/,,startupslab.site,56,nofollow,Directory,unknown,Unverified; source describes Ahrefs-style DR,https://github.com/mezmer90/saas-directories/blob/main/saas-directories.csv,2026-09-18,,,needs-research,,,False
d_066a651d111af337,Startups List,https://www.startups-list.com/,,startups-list.com,35,follow,Directory,unknown,Unverified; source describes Ahrefs-style DR,https://github.com/mezmer90/saas-directories/blob/main/saas-directories.csv,2026-09-18,,,needs-research,,,False
d_32edb53b1d751a76,Startups of London,https://startupsoflondon.com/,,startupsoflondon.com,32,follow,Directory,unknown,Unverified; source describes Ahrefs-style DR,https://github.com/mezmer90/saas-directories/blob/main/saas-directories.csv,2026-09-18,,,needs-research,,,False
d_b9898aebe3a6b560,Startups UK,https://startups.co.uk/contact-us,,startups.co.uk,68,nofollow,Press,unknown,Unverified; source describes Ahrefs-style DR,https://github.com/mezmer90/saas-directories/blob/main/saas-directories.csv,2026-09-18,,,needs-research,"Editorial/media prospect, not a guaranteed submission form. Find a relevant angle and the current pitch policy.",Source path requires review,False
d_fbc841db6a856afa,Startups Watch,https://startups.watch/,,startups.watch,48,nofollow,Directory,unknown,Unverified; source describes Ahrefs-style DR,https://github.com/mezmer90/saas-directories/blob/main/saas-directories.csv,2026-09-18,,,needs-research,,,False
d_e613d144c1524e4b,Startups.fm,https://startups.fm/,,startups.fm,33,follow,Directory,unknown,Unverified; source describes Ahrefs-style DR,https://github.com/mezmer90/saas-directories/blob/main/saas-directories.csv,2026-09-18,,,needs-research,,,False
d_886cae6dac9c99cb,Startups.fyi,https://startups.fyi/,,startups.fyi,27,follow,Directory,unknown,Unverified; source describes Ahrefs-style DR,https://github.com/mezmer90/saas-directories/blob/main/saas-directories.csv,2026-09-18,,,needs-research,,,False
d_b193797dd21eaace,StartupStage,https://startupstage.app/,,startupstage.app,25,follow,Directory,unknown,Unverified; source describes Ahrefs-style DR,https://github.com/mezmer90/saas-directories/blob/main/saas-directories.csv,2026-09-18,,,needs-research,,,False
d_1192d6c684729c24,StartupTile,https://startuptile.com/,,startuptile.com,28,follow,Directory,unknown,Unverified; source describes Ahrefs-style DR,https://github.com/mezmer90/saas-directories/blob/main/saas-directories.csv,2026-09-18,,,needs-research,,,False
d_26c9687355b7b81d,startuptoolslist.com,https://startuptoolslist.com/,,startuptoolslist.com,,unknown,Directory,unknown,Not supplied by source,https://github.com/mezmer90/saas-directories/blob/main/saas-directories.csv,2026-09-18,,,needs-research,,,False
d_fcdf5052efb6930d,StartupTrusted,https://startuptrusted.com/,https://startuptrusted.com/submit,startuptrusted.com,53,follow,Directory,unknown,Unverified; source describes Ahrefs-style DR,https://github.com/mezmer90/saas-directories/blob/main/saas-directories.csv,2026-09-18,,,source-reported,,DR sources disagree,False
d_533129e56e80a0be,Startupxplore,https://startupxplore.com/en/startur,,startupxplore.com,42,nofollow,Directory,unknown,Unverified; source describes Ahrefs-style DR,https://github.com/mezmer90/saas-directories/blob/main/saas-directories.csv,2026-09-18,,,needs-research,,Submission path may be truncated; Source path requires review,False
d_3590a9418fda718d,StartUs,https://www.startus.cc/,,startus.cc,55,nofollow,Directory,unknown,Unverified; source describes Ahrefs-style DR,https://github.com/mezmer90/saas-directories/blob/main/saas-directories.csv,2026-09-18,,,needs-research,,,False
d_585f9b23a68fd337,Startuups,https://startuups.com/,,startuups.com,12,follow,Directory,unknown,Unverified; source describes Ahrefs-style DR,https://github.com/mezmer90/saas-directories/blob/main/saas-directories.csv,2026-09-18,,,needs-research,,,False
d_a6aa0cc2941601e5,stashli.st,https://stashli.st/,,stashli.st,24,follow,Directory,freemium,Unverified; source describes Ahrefs-style DR,https://github.com/mezmer90/saas-directories/blob/main/saas-directories.csv,2026-09-18,,,needs-research,,,False
d_4bc26ce3e31c0279,State of Tech,https://stateoftech.net/,,stateoftech.net,22,follow,Press,unknown,Unverified; source describes Ahrefs-style DR,https://github.com/mezmer90/saas-directories/blob/main/saas-directories.csv,2026-09-18,,,needs-research,"Editorial/media prospect, not a guaranteed submission form. Find a relevant angle and the current pitch policy.",,False
d_6c5b03ecf2d516d0,Stellar Launch,https://stellarlaunch.org/,,stellarlaunch.org,28,follow,Directory,unknown,Unverified; source describes Ahrefs-style DR,https://github.com/mezmer90/saas-directories/blob/main/saas-directories.csv,2026-09-18,,,needs-research,,,False
d_7fa304029487942f,Store.App,https://store.app/,https://store.app/list,store.app,55,unknown,Directory,unknown,Source-reported DR; provider not independently verified,https://github.com/theshubh77/awesome-saas-directories,2026-09-18,,,source-reported,"Source lists this route; acceptance, pricing, and current requirements need checking.",,False
d_526c0b0ff32d4583,Stork.AI,https://stork.ai/,https://www.stork.ai/submit,stork.ai,48,nofollow,AI,free,Ahrefs (source-reported),https://github.com/alvinunreal/awesome-submitlist/blob/main/data/destinations.json,2026-09-18,2026-09-14,,source-reported,"Source-reported route and metrics. Review current eligibility, terms, pricing, and the exact published backlink.",,False
d_8b38a49f6fb7d89f,Storyfied,https://storyfied.com/get-featured,,storyfied.com,18,follow,Directory,unknown,Unverified; source describes Ahrefs-style DR,https://github.com/mezmer90/saas-directories/blob/main/saas-directories.csv,2026-09-18,,,needs-research,,Source path requires review,False
d_33f3705d75a0f300,Stratup,https://stratup.ai/,,stratup.ai,,unknown,AI,unknown,Not supplied by source,https://github.com/mezmer90/saas-directories/blob/main/saas-directories.csv,2026-09-18,,,needs-research,,,False
d_f8931d90c5c70735,Stripe App Marketplace,https://marketplace.stripe.com/,,marketplace.stripe.com,91,nofollow,Marketplace,unknown,Unverified; source describes Ahrefs-style DR,https://github.com/mezmer90/saas-directories/blob/main/saas-directories.csv,2026-09-18,,,needs-research,,,False
d_1ffda32ad70e3cac,Stripe Directory,https://stripe.com/,https://docs.stripe.com/directory,stripe.com,95,nofollow,Directory,free,Ahrefs (source-reported),https://github.com/alvinunreal/awesome-submitlist/blob/main/data/destinations.json,2026-09-18,2026-09-14,,source-reported,For businesses using or integrating with Stripe. Read the official directory instructions.,,False
d_6b337944c660f794,Submission Web Directory,https://www.submissionwebdirectory.com/,,submissionwebdirectory.com,64,follow,Directory,freemium,Unverified; source describes Ahrefs-style DR,https://github.com/mezmer90/saas-directories/blob/main/saas-directories.csv,2026-09-18,,,needs-research,,,False
d_00d5bc7ec41ec35a,Submit Juice,https://submitjuice.com/,,submitjuice.com,22,follow,Directory,unknown,Unverified; source describes Ahrefs-style DR,https://github.com/mezmer90/saas-directories/blob/main/saas-directories.csv,2026-09-18,,,needs-research,,,False
d_b82ed31b51058bea,SubmitAITools,https://submitaitools.org/,https://submitaitools.org/submit-your-ai-tool/,submitaitools.org,73,nofollow,AI,unknown,Unverified; source describes Ahrefs-style DR,https://github.com/mezmer90/saas-directories/blob/main/saas-directories.csv,2026-09-18,,,source-reported,,,False
d_184242f217f46c34,SubmitHunt,https://www.submithunt.com/,,submithunt.com,29,nofollow,Directory,unknown,Unverified; source describes Ahrefs-style DR,https://github.com/mezmer90/saas-directories/blob/main/saas-directories.csv,2026-09-18,,,needs-research,,,False
d_c96f072ed3d46b70,SubmitMatic,https://submitmatic.com/,https://submitmatic.com/submit,submitmatic.com,30,unknown,Directory,unknown,Source-reported DR; provider not independently verified,https://github.com/theshubh77/awesome-saas-directories,2026-09-18,,,source-reported,"Source lists this route; acceptance, pricing, and current requirements need checking.",,False
d_1d77c9b0effa69bf,SuitApp,https://suitapp.de/,,suitapp.de,25,follow,Directory,unknown,Unverified; source describes Ahrefs-style DR,https://github.com/mezmer90/saas-directories/blob/main/saas-directories.csv,2026-09-18,,,needs-research,,,False
d_2caa5168d961530a,Sumodir,https://sumodir.com/,,sumodir.com,7,follow,Directory,unknown,Unverified; source describes Ahrefs-style DR,https://github.com/mezmer90/saas-directories/blob/main/saas-directories.csv,2026-09-18,,,needs-research,,,False
d_0eddafc6c09481fb,Super Launch,https://www.superlaun.ch/,https://www.superlaun.ch/dashboard/submit,superlaun.ch,57,follow,Directory,unknown,Unverified; source describes Ahrefs-style DR,https://github.com/mezmer90/saas-directories/blob/main/saas-directories.csv,2026-09-18,,,source-reported,,DR sources disagree,False
d_acb03059ff08b97b,Superbcrew,https://www.superbcrew.com/about,,superbcrew.com,32,follow,Press,unknown,Unverified; source describes Ahrefs-style DR,https://github.com/mezmer90/saas-directories/blob/main/saas-directories.csv,2026-09-18,,,needs-research,"Editorial/media prospect, not a guaranteed submission form. Find a relevant angle and the current pitch policy.",Source path requires review,False
d_c9cfeb59383e136e,Surges,https://www.surges.co/,,surges.co,18,follow,Directory,unknown,Unverified; source describes Ahrefs-style DR,https://github.com/mezmer90/saas-directories/blob/main/saas-directories.csv,2026-09-18,,,needs-research,,,False
d_1dd23472434067da,T5,https://t5.dev/,,t5.dev,43,follow,Directory,freemium,Unverified; source describes Ahrefs-style DR,https://github.com/mezmer90/saas-directories/blob/main/saas-directories.csv,2026-09-18,,,needs-research,,,False
d_03fdff6cf03e3aeb,Taalk,https://taalk.com/submit-startup,,taalk.com,18,follow,Directory,unknown,Unverified; source describes Ahrefs-style DR,https://github.com/mezmer90/saas-directories/blob/main/saas-directories.csv,2026-09-18,,,needs-research,,Source path requires review,False
d_1121e763f70085b3,Tailkits,https://tailkits.com/,https://tailkits.com/submit-product/,tailkits.com,42,unknown,Developer,free,Ahrefs (source-reported),https://github.com/alvinunreal/awesome-submitlist/blob/main/data/destinations.json,2026-09-18,2026-09-14,,source-reported,"Source-reported route and metrics. Review current eligibility, terms, pricing, and the exact published backlink.",,False
d_422084741724b3dc,TapRefer,https://taprefer.com/,,taprefer.com,,unknown,Directory,unknown,Not supplied by source,https://github.com/mezmer90/saas-directories/blob/main/saas-directories.csv,2026-09-18,,,needs-research,,,False
d_53b4f26fd27a1cf5,Tapscape,http://www.tapscape.com/submit-app-re,https://www.tapscape.com/submit-app-review/,tapscape.com,50,nofollow,Press,paid,Ahrefs (source-reported),https://github.com/alvinunreal/awesome-submitlist/blob/main/data/destinations.json,2026-09-18,2026-09-14,,source-reported,"Source-reported route and metrics. Review current eligibility, terms, pricing, and the exact published backlink.",Submission path may be truncated; Source uses HTTP; Source path requires review; DR sources disagree,False
d_3ab91a8a76b7d92d,TeachOnline,https://teachonline.ca/tools-trends/best-pr,,teachonline.ca,52,nofollow,Directory,unknown,Unverified; source describes Ahrefs-style DR,https://github.com/mezmer90/saas-directories/blob/main/saas-directories.csv,2026-09-18,,,needs-research,,Submission path may be truncated; Source path requires review,False
d_319946dbb1b6832b,Tech Directory,http://techdirectory.io/get-listed,,techdirectory.io,18,follow,Directory,unknown,Unverified; source describes Ahrefs-style DR,https://github.com/mezmer90/saas-directories/blob/main/saas-directories.csv,2026-09-18,,,needs-research,,Source uses HTTP; Source path requires review,False
d_faba00a86a163a70,Tech in Asia,https://www.techinasia.com/,,techinasia.com,75,nofollow,Press,unknown,Unverified; source describes Ahrefs-style DR,https://github.com/mezmer90/saas-directories/blob/main/saas-directories.csv,2026-09-18,,,needs-research,"Editorial/media prospect, not a guaranteed submission form. Find a relevant angle and the current pitch policy.",,False
d_6ae80d6cd8a6f29f,Tech.co,https://tech.co/contact,,tech.co,68,nofollow,Press,unknown,Unverified; source describes Ahrefs-style DR,https://github.com/mezmer90/saas-directories/blob/main/saas-directories.csv,2026-09-18,,,needs-research,"Editorial/media prospect, not a guaranteed submission form. Find a relevant angle and the current pitch policy.",Source path requires review,False
d_c4d3574ef3157b08,Tech.eu,https://tech.eu/,,tech.eu,62,nofollow,Press,unknown,Unverified; source describes Ahrefs-style DR,https://github.com/mezmer90/saas-directories/blob/main/saas-directories.csv,2026-09-18,,,needs-research,"Editorial/media prospect, not a guaranteed submission form. Find a relevant angle and the current pitch policy.",,False
d_1880ae4c85ed847a,TechBehemoths,https://techbehemoths.com/,https://techbehemoths.com/companies/get-listed,techbehemoths.com,77,nofollow,Review,free,Ahrefs (source-reported),https://github.com/alvinunreal/awesome-submitlist/blob/main/data/destinations.json,2026-09-18,2026-09-14,,source-reported,"Source-reported route and metrics. Review current eligibility, terms, pricing, and the exact published backlink.",DR sources disagree,False
d_4cf9ead4fa365214,TechBoard,https://techboard.com.au/,,techboard.com.au,35,nofollow,Directory,unknown,Unverified; source describes Ahrefs-style DR,https://github.com/mezmer90/saas-directories/blob/main/saas-directories.csv,2026-09-18,,,needs-research,,,False
d_efad13f564f4a7ff,TechCrunch,https://techcrunch.com/,,techcrunch.com,92,follow,Press,unknown,Unverified; source describes Ahrefs-style DR,https://github.com/mezmer90/saas-directories/blob/main/saas-directories.csv,2026-09-18,,,needs-research,"Editorial/media prospect, not a guaranteed submission form. Find a relevant angle and the current pitch policy.",,False
d_12227cf7b6e62c21,Techdirt,http://techdirt.com/submitstory.php,,techdirt.com,80,nofollow,Press,unknown,Unverified; source describes Ahrefs-style DR,https://github.com/mezmer90/saas-directories/blob/main/saas-directories.csv,2026-09-18,,,needs-research,"Editorial/media prospect, not a guaranteed submission form. Find a relevant angle and the current pitch policy.",Source uses HTTP; Source path requires review,False
d_392a1b10fb8a125f,Techendo,http://techendo.com/beta,,techendo.com,25,follow,Directory,unknown,Unverified; source describes Ahrefs-style DR,https://github.com/mezmer90/saas-directories/blob/main/saas-directories.csv,2026-09-18,,,needs-research,,Source uses HTTP; Source path requires review,False
d_d44092913f798885,TechFaster,http://techfaster.com/submit-your-c,,techfaster.com,28,follow,Press,unknown,Unverified; source describes Ahrefs-style DR,https://github.com/mezmer90/saas-directories/blob/main/saas-directories.csv,2026-09-18,,,needs-research,"Editorial/media prospect, not a guaranteed submission form. Find a relevant angle and the current pitch policy.",Submission path may be truncated; Source uses HTTP; Source path requires review,False
d_6af388662cc71bcf,TechHive,https://www.techhive.com/,,techhive.com,81,nofollow,Press,unknown,Unverified; source describes Ahrefs-style DR,https://github.com/mezmer90/saas-directories/blob/main/saas-directories.csv,2026-09-18,,,needs-research,"Editorial/media prospect, not a guaranteed submission form. Find a relevant angle and the current pitch policy.",,False
d_04bb6eb205673dfc,Techjury,https://techjury.net/,,techjury.net,,unknown,Directory,unknown,Not supplied by source,https://github.com/mezmer90/saas-directories/blob/main/saas-directories.csv,2026-09-18,,,needs-research,,,False
d_b03914506dbae5cf,Techli,https://techli.com/contact,,techli.com,42,follow,Press,unknown,Unverified; source describes Ahrefs-style DR,https://github.com/mezmer90/saas-directories/blob/main/saas-directories.csv,2026-09-18,,,needs-research,"Editorial/media prospect, not a guaranteed submission form. Find a relevant angle and the current pitch policy.",Source path requires review,False
d_040a6baed867d2c3,Technology Advice,https://technologyadvice.com/,https://solutions.technologyadvice.com/list-your-product/,technologyadvice.com,78,nofollow,Review,free,Ahrefs (source-reported),https://github.com/alvinunreal/awesome-submitlist/blob/main/data/destinations.json,2026-09-18,2026-09-14,,source-reported,"Source-reported route and metrics. Review current eligibility, terms, pricing, and the exact published backlink.",DR sources disagree,False
d_898c9a78260df345,TechPluto,https://www.techpluto.com/submit-a-star,,techpluto.com,32,follow,Press,unknown,Unverified; source describes Ahrefs-style DR,https://github.com/mezmer90/saas-directories/blob/main/saas-directories.csv,2026-09-18,,,needs-research,"Editorial/media prospect, not a guaranteed submission form. Find a relevant angle and the current pitch policy.",Submission path may be truncated; Source path requires review,False
d_1e4eda9850c0975a,Techstars,https://techstars.com/,https://apply.techstars.com/,techstars.com,82,follow,Community,free,Ahrefs (source-reported),https://github.com/alvinunreal/awesome-submitlist/blob/main/data/destinations.json,2026-09-18,2026-09-14,,source-reported,"Accelerator application and selection, not an easy directory submission.",,False
d_d1b3de0e101bfcb4,Tekpon,https://tekpon.com/,https://tekpon.com/get-listed/,tekpon.com,72,follow,Review,paid,Ahrefs (source-reported),https://github.com/alvinunreal/awesome-submitlist/blob/main/data/destinations.json,2026-09-18,2026-09-14,,source-reported,"Source-reported route and metrics. Review current eligibility, terms, pricing, and the exact published backlink.",DR sources disagree,False
d_9af7a5783add08c7,Text Link Directory,https://www.textlinkdirectory.com/,,textlinkdirectory.com,29,follow,Directory,freemium,Unverified; source describes Ahrefs-style DR,https://github.com/mezmer90/saas-directories/blob/main/saas-directories.csv,2026-09-18,,,needs-research,,,False
d_608aefec6722c50c,thankjohn.com,https://thankjohn.com/,,thankjohn.com,,unknown,Directory,unknown,Not supplied by source,https://github.com/mezmer90/saas-directories/blob/main/saas-directories.csv,2026-09-18,,,needs-research,,,False
d_91311d7d4f468ac9,That AI Collection,https://thataicollection.com/,https://thataicollection.com/submit/,thataicollection.com,43,unknown,AI,paid,Ahrefs (source-reported),https://github.com/alvinunreal/awesome-submitlist/blob/main/data/destinations.json,2026-09-18,2026-09-14,,source-reported,"Source-reported route and metrics. Review current eligibility, terms, pricing, and the exact published backlink.",,False
d_b9d48e527f2958f4,That App Show,https://thatappshow.com/,,thatappshow.com,18,follow,Directory,unknown,Unverified; source describes Ahrefs-style DR,https://github.com/mezmer90/saas-directories/blob/main/saas-directories.csv,2026-09-18,,,needs-research,,,False
d_4aa2fdae4b7de24d,ThatsMyAI,https://thatsmy.ai/,,thatsmy.ai,,unknown,AI,unknown,Not supplied by source,https://github.com/mezmer90/saas-directories/blob/main/saas-directories.csv,2026-09-18,,,needs-research,,,False
d_dd35f09fa1391215,The Agents Index,https://theagentsindex.com/,https://theagentsindex.com/submit,theagentsindex.com,12,unknown,Directory,unknown,Source-reported DR; provider not independently verified,https://github.com/theshubh77/awesome-saas-directories,2026-09-18,,,source-reported,"Source lists this route; acceptance, pricing, and current requirements need checking.",,False
d_773064395a733a59,The AI Navigator,https://theainavigator.com/,https://www.theainavigator.com/submit-an-ai-tool,theainavigator.com,19,follow,AI,unknown,Ahrefs (source-reported),https://github.com/alvinunreal/awesome-submitlist/blob/main/data/destinations.json,2026-09-18,2026-09-14,,source-reported,"Source-reported route and metrics. Review current eligibility, terms, pricing, and the exact published backlink.",,False
d_cad7ee2e833fd694,The AI Warehouse,https://thewarehouse.ai/,,thewarehouse.ai,22,follow,AI,unknown,Unverified; source describes Ahrefs-style DR,https://github.com/mezmer90/saas-directories/blob/main/saas-directories.csv,2026-09-18,,,needs-research,,,False
d_002518804f7555c0,The Apple Google,http://theapplegoogle.com/,,theapplegoogle.com,22,follow,Press,unknown,Unverified; source describes Ahrefs-style DR,https://github.com/mezmer90/saas-directories/blob/main/saas-directories.csv,2026-09-18,,,needs-research,"Editorial/media prospect, not a guaranteed submission form. Find a relevant angle and the current pitch policy.",Source uses HTTP,False
d_f43053134f916441,The Fascination,https://thefascination.com/,,thefascination.com,35,nofollow,Directory,unknown,Unverified; source describes Ahrefs-style DR,https://github.com/mezmer90/saas-directories/blob/main/saas-directories.csv,2026-09-18,,,needs-research,,,False
d_28ffa0156613d089,The Hive Index,https://thehiveindex.com/submit,https://thehiveindex.com/submit/,thehiveindex.com,51,follow,Directory,free,Ahrefs (source-reported),https://github.com/alvinunreal/awesome-submitlist/blob/main/data/destinations.json,2026-09-18,2026-09-14,,source-reported,"For actual online communities, not any standalone app.",Source path requires review; DR sources disagree,False
d_ae4bae47c4782e65,The Indianpreneur,https://theindianpreneur.com/advertise-,,theindianpreneur.com,22,follow,Directory,unknown,Unverified; source describes Ahrefs-style DR,https://github.com/mezmer90/saas-directories/blob/main/saas-directories.csv,2026-09-18,,,needs-research,,Submission path may be truncated; Source path requires review,False
d_de55fbb5ddab90e9,The iPhone App Review,http://theiphoneappreview.com/,,theiphoneappreview.com,35,nofollow,Press,unknown,Unverified; source describes Ahrefs-style DR,https://github.com/mezmer90/saas-directories/blob/main/saas-directories.csv,2026-09-18,,,needs-research,"Editorial/media prospect, not a guaranteed submission form. Find a relevant angle and the current pitch policy.",Source uses HTTP,False
d_7981e20e6a32adf4,The Next Web,https://deals.thenextweb.com/,,deals.thenextweb.com,89,nofollow,Press,unknown,Unverified; source describes Ahrefs-style DR,https://github.com/mezmer90/saas-directories/blob/main/saas-directories.csv,2026-09-18,,,needs-research,"Editorial/media prospect, not a guaranteed submission form. Find a relevant angle and the current pitch policy.",,False
d_34b9ddd5bcaee500,The Popular Apps,http://thepopularapps.com/submit-app,,thepopularapps.com,18,follow,Directory,unknown,Unverified; source describes Ahrefs-style DR,https://github.com/mezmer90/saas-directories/blob/main/saas-directories.csv,2026-09-18,,,needs-research,,Source uses HTTP; Source path requires review,False
d_f345614578c0d426,The Rebooting,https://therebooting.com/,,therebooting.com,,unknown,Newsletter,unknown,Not supplied by source,https://github.com/alvinunreal/awesome-submitlist/blob/main/data/destinations.json,2026-09-18,2026-09-14,,needs-research,Media business audience. Requires relevant editorial or sponsorship fit.,,False
d_315bbc865fa8bff8,The Rundown,https://www.therundown.ai/,,therundown.ai,38,follow,Newsletter,freemium,Unverified; source describes Ahrefs-style DR,https://github.com/mezmer90/saas-directories/blob/main/saas-directories.csv,2026-09-18,,,needs-research,,,False
d_68a1a5161af0da78,The Startup INC,https://www.thestartupinc.com/,https://thestartupinc.com/submit-startup/,thestartupinc.com,33,follow,Directory,paid,Ahrefs (source-reported),https://github.com/alvinunreal/awesome-submitlist/blob/main/data/destinations.json,2026-09-18,2026-09-14,,source-reported,"Source-reported route and metrics. Review current eligibility, terms, pricing, and the exact published backlink.",DR sources disagree,False
d_7d456b70cc001c0f,The Startup Journal,http://thestartupjournal.com/submit,,thestartupjournal.com,22,follow,Directory,unknown,Unverified; source describes Ahrefs-style DR,https://github.com/mezmer90/saas-directories/blob/main/saas-directories.csv,2026-09-18,,,needs-research,,Source uses HTTP; Source path requires review,False
d_4d214c0cb58a3ebb,The Startup Pitch,http://thestartuppitch.com/post-a-pi,,thestartuppitch.com,28,follow,Directory,unknown,Unverified; source describes Ahrefs-style DR,https://github.com/mezmer90/saas-directories/blob/main/saas-directories.csv,2026-09-18,,,needs-research,,Submission path may be truncated; Source uses HTTP; Source path requires review,False
d_763e6c8f28c0dfe2,The Startup Project,https://startupproject.org/,https://startupproject.org/submit-startup/,startupproject.org,21,unknown,Directory,free,Ahrefs (source-reported),https://github.com/alvinunreal/awesome-submitlist/blob/main/data/destinations.json,2026-09-18,2026-09-14,,source-reported,"Source-reported route and metrics. Review current eligibility, terms, pricing, and the exact published backlink.",,False
d_52f9bbcbc3ac578d,The Startup Videos,http://thestartupvideos.com/submit-,,thestartupvideos.com,18,follow,Directory,unknown,Unverified; source describes Ahrefs-style DR,https://github.com/mezmer90/saas-directories/blob/main/saas-directories.csv,2026-09-18,,,needs-research,,Source uses HTTP; Source path requires review,False
d_895277f8300a446a,The Tech Block,https://www.thetechblock.com/contact-t,,thetechblock.com,35,nofollow,Press,unknown,Unverified; source describes Ahrefs-style DR,https://github.com/mezmer90/saas-directories/blob/main/saas-directories.csv,2026-09-18,,,needs-research,"Editorial/media prospect, not a guaranteed submission form. Find a relevant angle and the current pitch policy.",Submission path may be truncated; Source path requires review,False
d_f6c4c5defe966d26,The Tech Index,https://thetechindex.com/,,thetechindex.com,22,follow,Directory,unknown,Unverified; source describes Ahrefs-style DR,https://github.com/mezmer90/saas-directories/blob/main/saas-directories.csv,2026-09-18,,,needs-research,,,False
d_384a2ea445df28f8,The Tech Map,http://thetechmap.com/Account/Login,,thetechmap.com,22,nofollow,Directory,unknown,Unverified; source describes Ahrefs-style DR,https://github.com/mezmer90/saas-directories/blob/main/saas-directories.csv,2026-09-18,,,needs-research,,Source uses HTTP; Source path requires review,False
d_3f6bb099c84139a8,The Verge,https://www.theverge.com/,,theverge.com,92,nofollow,Press,unknown,Unverified; source describes Ahrefs-style DR,https://github.com/mezmer90/saas-directories/blob/main/saas-directories.csv,2026-09-18,,,needs-research,"Editorial/media prospect, not a guaranteed submission form. Find a relevant angle and the current pitch policy.",,False
d_a2bcad6c332dae60,theailibrary.co,https://theailibrary.co/,,theailibrary.co,,unknown,Directory,unknown,Not supplied by source,https://github.com/mezmer90/saas-directories/blob/main/saas-directories.csv,2026-09-18,,,needs-research,,,False
d_047c025ba7f9e6e3,theaisurf.com,https://theaisurf.com/,,theaisurf.com,,unknown,AI,unknown,No DR supplied by this source,https://github.com/best-of-ai/ai-directories/blob/main/README.md,2026-09-18,,,needs-research,"Listed by Best Of AI. Submission route, current eligibility, price, DR, and actual link attributes require research unless another source supplies them.",,False
d_305b9709c40fdd36,thenextaitool.com,https://thenextaitool.com/,,thenextaitool.com,,unknown,AI,unknown,Not supplied by source,https://github.com/mezmer90/saas-directories/blob/main/saas-directories.csv,2026-09-18,,,needs-research,,,False
d_d55a28e986b3bd04,TheNoCodeCrew,https://thenocodecrew.com/,,thenocodecrew.com,18,follow,Directory,unknown,Unverified; source describes Ahrefs-style DR,https://github.com/mezmer90/saas-directories/blob/main/saas-directories.csv,2026-09-18,,,needs-research,,,False
d_c99284285610db06,There's An AI,https://theresanai.com/,,theresanai.com,,unknown,Directory,unknown,Not supplied by source,https://github.com/mezmer90/saas-directories/blob/main/saas-directories.csv,2026-09-18,,,needs-research,,,False
d_3aa5205b6c63df84,There's An AI For That,https://theresanaiforthat.com/,https://theresanaiforthat.com/launch/,theresanaiforthat.com,77,follow,AI,paid,Ahrefs (source-reported),https://github.com/alvinunreal/awesome-submitlist/blob/main/data/destinations.json,2026-09-18,2026-09-14,,source-reported,"Source-reported route and metrics. Review current eligibility, terms, pricing, and the exact published backlink.",,False
d_a067542b96c74952,Thingtesting,https://thingtesting.com/submit-brand,,thingtesting.com,52,nofollow,Directory,unknown,Unverified; source describes Ahrefs-style DR,https://github.com/mezmer90/saas-directories/blob/main/saas-directories.csv,2026-09-18,,,needs-research,,Source path requires review,False
d_202e2ecebc79316d,Tiny Startups,https://tinystartups.com/,https://www.tinystartups.com/submit,tinystartups.com,50,nofollow,Directory,unknown,Unverified; source describes Ahrefs-style DR,https://github.com/mezmer90/saas-directories/blob/main/saas-directories.csv,2026-09-18,,,source-reported,,DR sources disagree,False
d_4cb0c59d181e06f8,TinyLaunch,https://www.tinylaunch.com/,https://www.tinylaunch.com/dashboard/startups/new,tinylaunch.com,73,follow,Launch,free,Ahrefs (source-reported),https://github.com/alvinunreal/awesome-submitlist/blob/main/data/destinations.json,2026-09-18,2026-09-14,,source-reported,"Source-reported route and metrics. Review current eligibility, terms, pricing, and the exact published backlink.",DR sources disagree,False
d_10bd79cd67047a31,TinyLaunch,https://www.tinylaun.ch/,,tinylaun.ch,52,follow,Directory,freemium,Unverified; source describes Ahrefs-style DR,https://github.com/mezmer90/saas-directories/blob/main/saas-directories.csv,2026-09-18,,,needs-research,,,False
d_0536c14b6e6d8b2e,tinylaunch.xyz,https://tinylaunch.xyz/,,tinylaunch.xyz,,unknown,Directory,unknown,Not supplied by source,https://github.com/mezmer90/saas-directories/blob/main/saas-directories.csv,2026-09-18,,,needs-research,,,False
d_a846654bdffa3f87,TinyLaunchpad,https://tinylaunchpad.com/,,tinylaunchpad.com,35,follow,Directory,unknown,Unverified; source describes Ahrefs-style DR,https://github.com/mezmer90/saas-directories/blob/main/saas-directories.csv,2026-09-18,,,needs-research,,,False
d_885788233b3065a1,TipSeason,https://tipseason.com/,https://www.tipseason.com/ai-tools/submit-free,tipseason.com,44,follow,AI,free,Ahrefs (source-reported),https://github.com/alvinunreal/awesome-submitlist/blob/main/data/destinations.json,2026-09-18,2026-09-14,,source-reported,"Source-reported route and metrics. Review current eligibility, terms, pricing, and the exact published backlink.",DR sources disagree,False
d_5159ec9fa7c9bb80,Tool Finder,https://toolfinder.co/,,toolfinder.co,28,follow,Directory,unknown,Unverified; source describes Ahrefs-style DR,https://github.com/mezmer90/saas-directories/blob/main/saas-directories.csv,2026-09-18,,,needs-research,,,False
d_720e1fdec59ff9a7,Tool Finder,https://toolfinder.com/,https://toolfinder.com/advertise,toolfinder.com,60,nofollow,Directory,paid,Ahrefs (source-reported),https://github.com/alvinunreal/awesome-submitlist/blob/main/data/destinations.json,2026-09-18,2026-09-14,,source-reported,"Source-reported route and metrics. Review current eligibility, terms, pricing, and the exact published backlink.",,False
d_b1abd1b957ce18d5,Tool Salad,https://toolsalad.com/submit,,toolsalad.com,25,follow,Directory,unknown,Unverified; source describes Ahrefs-style DR,https://github.com/mezmer90/saas-directories/blob/main/saas-directories.csv,2026-09-18,,,needs-research,,Source path requires review,False
d_c5868e00b4bec05d,tooldirs.com,https://tooldirs.com/,,tooldirs.com,,unknown,Directory,unknown,Not supplied by source,https://github.com/mezmer90/saas-directories/blob/main/saas-directories.csv,2026-09-18,,,needs-research,,,False
d_dc22e9770dded944,ToolFame,https://toolfame.com/,https://toolfame.com/submit,toolfame.com,75,unknown,Directory,unknown,Source-reported DR; provider not independently verified,https://github.com/theshubh77/awesome-saas-directories,2026-09-18,,,source-reported,"Source lists this route; acceptance, pricing, and current requirements need checking.",,False
d_5324c2d0ed2bd19f,toolfinder.wiki,https://toolfinder.wiki/,,toolfinder.wiki,,unknown,Directory,unknown,Not supplied by source,https://github.com/mezmer90/saas-directories/blob/main/saas-directories.csv,2026-09-18,,,needs-research,,,False
d_605fc37c8f2bcff5,Toolfio,https://toolfio.com/,https://toolfio.com/submit,toolfio.com,45,follow,Directory,unknown,Unverified; source describes Ahrefs-style DR,https://github.com/mezmer90/saas-directories/blob/main/saas-directories.csv,2026-09-18,,,source-reported,,DR sources disagree,False
d_4f7d4c52d004bcb7,Toolfolio,https://toolfolio.io/,,toolfolio.io,35,nofollow,Directory,unknown,Unverified; source describes Ahrefs-style DR,https://github.com/mezmer90/saas-directories/blob/main/saas-directories.csv,2026-09-18,,,needs-research,,,False
d_f73c593d17e740ac,Toolfolio,https://toolfolio.com/,,toolfolio.com,35,unknown,Directory,unknown,Source-reported DR; provider not independently verified,https://github.com/theshubh77/awesome-saas-directories,2026-09-18,,,needs-research,"Source lists this route; acceptance, pricing, and current requirements need checking.",,False
d_4bcf8286dec54957,ToolHub,https://toolhub.me/,,toolhub.me,32,follow,Directory,unknown,Unverified; source describes Ahrefs-style DR,https://github.com/mezmer90/saas-directories/blob/main/saas-directories.csv,2026-09-18,,,needs-research,,,False
d_c8bf308986ea4b32,Toolify,https://www.toolify.ai/,https://www.toolify.ai/submit,toolify.ai,72,nofollow,AI,paid,Ahrefs (source-reported),https://github.com/alvinunreal/awesome-submitlist/blob/main/data/destinations.json,2026-09-18,2026-09-14,,source-reported,"Source-reported route and metrics. Review current eligibility, terms, pricing, and the exact published backlink.",DR sources disagree; Link sources disagree,False
d_d6f0b816a86ae563,Toolkitly,https://toolkitly.com/,,toolkitly.com,,unknown,Directory,unknown,Not supplied by source,https://github.com/mezmer90/saas-directories/blob/main/saas-directories.csv,2026-09-18,,,needs-research,,,False
d_f8e1501272671b1a,Toollist,https://toollist.ai/,,toollist.ai,19,follow,AI,unknown,Unverified; source describes Ahrefs-style DR,https://github.com/mezmer90/saas-directories/blob/main/saas-directories.csv,2026-09-18,,,needs-research,,,False
d_23618421b582329c,toolpasta.com,https://toolpasta.com/,,toolpasta.com,,unknown,Directory,unknown,Not supplied by source,https://github.com/mezmer90/saas-directories/blob/main/saas-directories.csv,2026-09-18,,,needs-research,,,False
d_b1e51fb640f5dd29,ToolPilot,https://www.toolpilot.ai/,https://www.toolpilot.ai/pages/submit-your-ai-tool,toolpilot.ai,78,follow,AI,free,Ahrefs (source-reported),https://github.com/alvinunreal/awesome-submitlist/blob/main/data/destinations.json,2026-09-18,2026-09-14,,source-reported,"Source-reported route and metrics. Review current eligibility, terms, pricing, and the exact published backlink.",DR sources disagree; Link sources disagree,False
d_71036c270e9f0f4b,Tools,https://tools.so/,,tools.so,28,follow,Directory,unknown,Unverified; source describes Ahrefs-style DR,https://github.com/mezmer90/saas-directories/blob/main/saas-directories.csv,2026-09-18,,,needs-research,,,False
d_d899903e45617cb1,Tools for Makers,https://toolsformakers.com/,,toolsformakers.com,32,follow,Directory,unknown,Unverified; source describes Ahrefs-style DR,https://github.com/mezmer90/saas-directories/blob/main/saas-directories.csv,2026-09-18,,,needs-research,,,False
d_352f71e175ba54c9,Tools Hub AI,https://toolshubai.com/,,toolshubai.com,,unknown,Directory,unknown,Not supplied by source,https://github.com/mezmer90/saas-directories/blob/main/saas-directories.csv,2026-09-18,,,needs-research,,,False
d_f04745d4b751e754,Tools NoCode,https://toolsnocode.com/,,toolsnocode.com,30,follow,Directory,unknown,Unverified; source describes Ahrefs-style DR,https://github.com/mezmer90/saas-directories/blob/main/saas-directories.csv,2026-09-18,,,needs-research,,,False
d_ea20367a0fd957e8,tools.futureaiguide.com,https://tools.futureaiguide.com/,,tools.futureaiguide.com,,unknown,AI,unknown,No DR supplied by this source,https://github.com/best-of-ai/ai-directories/blob/main/README.md,2026-09-18,,,needs-research,"Listed by Best Of AI. Submission route, current eligibility, price, DR, and actual link attributes require research unless another source supplies them.",,False
d_77f8c81f2e96dfe8,ToolScout AI,https://toolscout.ai/,,toolscout.ai,25,follow,AI,freemium,Unverified; source describes Ahrefs-style DR,https://github.com/mezmer90/saas-directories/blob/main/saas-directories.csv,2026-09-18,,,needs-research,,,False
d_ff220976d61eb9c8,ToolsFine,https://toolsfine.com/,https://toolsfine.com/submit-ai-tools-or-product,toolsfine.com,67,follow,Directory,unknown,Unverified; source describes Ahrefs-style DR,https://github.com/mezmer90/saas-directories/blob/main/saas-directories.csv,2026-09-18,,,source-reported,,DR sources disagree,False
d_5fece7e970e24e53,ToolsPedia,https://toolspedia.io/,https://toolspedia.io/submit-tool/,toolspedia.io,13,unknown,AI,paid,Ahrefs (source-reported),https://github.com/alvinunreal/awesome-submitlist/blob/main/data/destinations.json,2026-09-18,2026-09-14,,source-reported,"Source-reported route and metrics. Review current eligibility, terms, pricing, and the exact published backlink.",,False
d_47da4f476b69aeb0,toolwave.io,https://toolwave.io/,,toolwave.io,,unknown,Directory,unknown,Not supplied by source,https://github.com/mezmer90/saas-directories/blob/main/saas-directories.csv,2026-09-18,,,needs-research,,,False
d_e23fd7b85073f428,TOOOLS.design,https://toools.design/,https://www.toools.design/suggest-a-tool,toools.design,47,follow,Design,free,Ahrefs (source-reported),https://github.com/alvinunreal/awesome-submitlist/blob/main/data/destinations.json,2026-09-18,2026-09-14,,source-reported,Submit an original live design or appropriate design resource for editorial review.,DR sources disagree,False
d_fcda23b1b3b58c11,Top No Code Tools,https://topnocode.tools/,,topnocode.tools,20,follow,Directory,unknown,Unverified; source describes Ahrefs-style DR,https://github.com/mezmer90/saas-directories/blob/main/saas-directories.csv,2026-09-18,,,needs-research,,,False
d_4b8088ff69bc9719,Top10,https://top10.now/,,top10.now,23,nofollow,Directory,unknown,Unverified; source describes Ahrefs-style DR,https://github.com/mezmer90/saas-directories/blob/main/saas-directories.csv,2026-09-18,,,needs-research,,,False
d_7a15304ffbd3d31b,TopAI.tools,https://topai.tools/,https://topai.tools/submit,topai.tools,65,nofollow,AI,paid,Ahrefs (source-reported),https://github.com/alvinunreal/awesome-submitlist/blob/main/data/destinations.json,2026-09-18,2026-09-14,,source-reported,"Source-reported route and metrics. Review current eligibility, terms, pricing, and the exact published backlink.",,False
d_b4113ecbc07c907b,TopAITools4U,https://www.topaitools4u.site/,https://www.topaitools4u.site/submit,topaitools4u.site,5,unknown,AI,unknown,Source-reported DR; provider not independently verified,https://github.com/theshubh77/awesome-saas-directories,2026-09-18,,,source-reported,"Source lists this route; acceptance, pricing, and current requirements need checking.",,False
d_7dfef5f20841835c,Topio Networks,https://www.topionetworks.com/,,topionetworks.com,25,nofollow,Directory,unknown,Unverified; source describes Ahrefs-style DR,https://github.com/mezmer90/saas-directories/blob/main/saas-directories.csv,2026-09-18,,,needs-research,,,False
d_ece4ea758ece5cf0,TopTools.ai,https://toptools.ai/,https://toptools.ai/submit,toptools.ai,30,unknown,AI,free,Ahrefs (source-reported),https://github.com/alvinunreal/awesome-submitlist/blob/main/data/destinations.json,2026-09-18,2026-09-14,,source-reported,"Source-reported route and metrics. Review current eligibility, terms, pricing, and the exact published backlink.",,False
d_187ec3ff502ced16,Toshilist,https://www.toshilist.com/,,toshilist.com,15,follow,Directory,unknown,Unverified; source describes Ahrefs-style DR,https://github.com/mezmer90/saas-directories/blob/main/saas-directories.csv,2026-09-18,,,needs-research,,,False
d_cdb7b15ca58e66ac,TouchArcade,https://toucharcade.com/,,toucharcade.com,74,nofollow,Press,unknown,Unverified; source describes Ahrefs-style DR,https://github.com/mezmer90/saas-directories/blob/main/saas-directories.csv,2026-09-18,,,needs-research,"Editorial/media prospect, not a guaranteed submission form. Find a relevant angle and the current pitch policy.",,False
d_5a967626d7eb6bd0,Tracxn,https://tracxn.com/,,tracxn.com,68,nofollow,Directory,unknown,Unverified; source describes Ahrefs-style DR,https://github.com/mezmer90/saas-directories/blob/main/saas-directories.csv,2026-09-18,,,needs-research,,,False
d_14e2a7305c916ec5,Trendshift,https://trendshift.io/,,trendshift.io,63,unknown,Developer,unknown,Ahrefs (source-reported),https://github.com/alvinunreal/awesome-submitlist/blob/main/data/destinations.json,2026-09-18,2026-09-14,,needs-research,GitHub repository discovery; confirm any submission/request mechanism.,,False
d_6344176e6943d0e6,Trendy Startups,http://trendystartups.com/register,,trendystartups.com,22,follow,Directory,unknown,Unverified; source describes Ahrefs-style DR,https://github.com/mezmer90/saas-directories/blob/main/saas-directories.csv,2026-09-18,,,needs-research,,Source uses HTTP; Source path requires review,False
d_91ce9515d5f36874,trillionagent.com,https://trillionagent.com/,,trillionagent.com,,unknown,Directory,unknown,Not supplied by source,https://github.com/mezmer90/saas-directories/blob/main/saas-directories.csv,2026-09-18,,,needs-research,,,False
d_ed703907c6d48084,Trust Revenue,https://trust-revenue.com/,https://trust-revenue.com/dashboard/startup,trust-revenue.com,2,unknown,Directory,unknown,Source-reported DR; provider not independently verified,https://github.com/theshubh77/awesome-saas-directories,2026-09-18,,,source-reported,"Source lists this route; acceptance, pricing, and current requirements need checking.",,False
d_5f920c1f37e0a1d4,TrustedBy,https://trustedby.ai/,,trustedby.ai,,unknown,AI,unknown,Not supplied by source,https://github.com/mezmer90/saas-directories/blob/main/saas-directories.csv,2026-09-18,,,needs-research,,,False
d_cab587d8ade8aa45,TrustList,https://trustlist.ai/,,trustlist.ai,,unknown,AI,unknown,Not supplied by source,https://github.com/mezmer90/saas-directories/blob/main/saas-directories.csv,2026-09-18,,,needs-research,,,False
d_83e4b4f7c4e8905d,TrustMRR,https://trustmrr.com/,https://trustmrr.com/dashboard,trustmrr.com,71,follow,Directory,free,Ahrefs (source-reported),https://github.com/alvinunreal/awesome-submitlist/blob/main/data/destinations.json,2026-09-18,2026-09-14,,source-reported,"Source-reported route and metrics. Review current eligibility, terms, pricing, and the exact published backlink.",DR sources disagree,False
d_45b50c0fdfe361da,Trustpilot,http://trustpilot.com/,https://business.trustpilot.com/,trustpilot.com,94,nofollow,Review,free,Ahrefs (source-reported),https://github.com/alvinunreal/awesome-submitlist/blob/main/data/destinations.json,2026-09-18,2026-09-14,,source-reported,"Business review profile, not an automatic endorsement or guaranteed review acquisition.",Source uses HTTP; DR sources disagree,False
d_dd14404afc52f569,TrustRadius,https://www.trustradius.com/,https://solutions.trustradius.com/,trustradius.com,84,follow,Review,free,Ahrefs (source-reported),https://github.com/alvinunreal/awesome-submitlist/blob/main/data/destinations.json,2026-09-18,2026-09-14,,source-reported,B2B vendor and customer-review program; no fabricated reviews.,DR sources disagree; Link sources disagree,False
d_1e2d60f34d420765,TrustRoas,https://trustroas.com/,https://trustroas.com/add-store,trustroas.com,1,unknown,Directory,unknown,Source-reported DR; provider not independently verified,https://github.com/theshubh77/awesome-saas-directories,2026-09-18,,,source-reported,"Source lists this route; acceptance, pricing, and current requirements need checking.",,False
d_57240ed805506e06,Turbo0,https://turbo0.com/,https://turbo0.com/submit,turbo0.com,78,follow,Directory,unknown,Unverified; source describes Ahrefs-style DR,https://github.com/mezmer90/saas-directories/blob/main/saas-directories.csv,2026-09-18,,,source-reported,,DR sources disagree,False
d_42037f8c9b172c09,Twelve Tools,https://twelve.tools/,https://twelve.tools/submit,twelve.tools,79,follow,Directory,unknown,Unverified; source describes Ahrefs-style DR,https://github.com/mezmer90/saas-directories/blob/main/saas-directories.csv,2026-09-18,,,source-reported,,DR sources disagree,False
d_2d6cf57c0b80505a,Unboxing Startups,https://unboxingstartups.com/contact,,unboxingstartups.com,25,follow,Press,unknown,Unverified; source describes Ahrefs-style DR,https://github.com/mezmer90/saas-directories/blob/main/saas-directories.csv,2026-09-18,,,needs-research,"Editorial/media prospect, not a guaranteed submission form. Find a relevant angle and the current pitch policy.",Source path requires review,False
d_de61e33b5b260a23,Under 1000 MRR,https://under1000mrr.tools/,,under1000mrr.tools,15,follow,Directory,unknown,Unverified; source describes Ahrefs-style DR,https://github.com/mezmer90/saas-directories/blob/main/saas-directories.csv,2026-09-18,,,needs-research,,,False
d_316b8770b51ab4b8,Uneed,https://www.uneed.best/,https://www.uneed.best/submit-a-tool,uneed.best,75,follow,Launch,paid,Ahrefs (source-reported),https://github.com/alvinunreal/awesome-submitlist/blob/main/data/destinations.json,2026-09-18,2026-09-14,,source-reported,"Source-reported route and metrics. Review current eligibility, terms, pricing, and the exact published backlink.",,False
d_1941654a889fc43b,Unita,https://www.unita.co/,https://unita.co/add-community/,unita.co,47,follow,Directory,free,Ahrefs (source-reported),https://github.com/alvinunreal/awesome-submitlist/blob/main/data/destinations.json,2026-09-18,2026-09-14,,source-reported,For actual communities or groups.,DR sources disagree; Link sources disagree,False
d_1db6f1b5a7aa2c21,Unite List,https://unitelist.com/,,unitelist.com,50,follow,Directory,unknown,Unverified; source describes Ahrefs-style DR,https://github.com/mezmer90/saas-directories/blob/main/saas-directories.csv,2026-09-18,,,needs-research,,,False
d_5a089435961ceb37,uno.directory,https://uno.directory/,https://uno.directory/submit,uno.directory,66,unknown,Directory,unknown,Source-reported DR; provider not independently verified,https://github.com/theshubh77/awesome-saas-directories,2026-09-18,,,source-reported,,,False
d_d0ba611b96b4643d,UpLabs,https://www.uplabs.com/,,uplabs.com,76,nofollow,Design,unknown,Unverified; source describes Ahrefs-style DR,https://github.com/mezmer90/saas-directories/blob/main/saas-directories.csv,2026-09-18,,,needs-research,,,False
d_707c32fd0c84647d,Valuer,https://www.valuer.ai/,,valuer.ai,55,nofollow,AI,unknown,Unverified; source describes Ahrefs-style DR,https://github.com/mezmer90/saas-directories/blob/main/saas-directories.csv,2026-09-18,,,needs-research,,,False
d_a308b5944530d91f,Vantaige,https://vantaige.io/,https://vantaige.io/list-your-ai-tool,vantaige.io,15,unknown,Directory,unknown,Source-reported DR; provider not independently verified,https://github.com/theshubh77/awesome-saas-directories,2026-09-18,,,source-reported,,,False
d_70788c26d405a3bb,Vator News,https://vator.tv/,,vator.tv,58,nofollow,Directory,unknown,Unverified; source describes Ahrefs-style DR,https://github.com/mezmer90/saas-directories/blob/main/saas-directories.csv,2026-09-18,,,needs-research,,,False
d_57ab0e1290faad89,VentureBeat,https://venturebeat.com/quest-posts,,venturebeat.com,89,nofollow,Press,unknown,Unverified; source describes Ahrefs-style DR,https://github.com/mezmer90/saas-directories/blob/main/saas-directories.csv,2026-09-18,,,needs-research,"Editorial/media prospect, not a guaranteed submission form. Find a relevant angle and the current pitch policy.",Source path requires review,False
d_0391e5a315873bee,VentureRadar,http://ventureradar.com/add_company,https://www.ventureradar.com/add_company,ventureradar.com,51,follow,Directory,free,Ahrefs (source-reported),https://github.com/alvinunreal/awesome-submitlist/blob/main/data/destinations.json,2026-09-18,2026-09-14,,source-reported,"Source-reported route and metrics. Review current eligibility, terms, pricing, and the exact published backlink.",Source uses HTTP; Source path requires review; DR sources disagree; Link sources disagree,False
d_cb4e92722618a501,Verified Tools,https://www.verifiedtools.info/,https://www.verifiedtools.info/submit,verifiedtools.info,53,unknown,Directory,unknown,Source-reported DR; provider not independently verified,https://github.com/theshubh77/awesome-saas-directories,2026-09-18,,,source-reported,"Source lists this route; acceptance, pricing, and current requirements need checking.",,False
d_a526cc9531a90be4,Versily,https://versily.com/,https://versily.com/start/product,versily.com,1,follow,Directory,unknown,Unverified; source describes Ahrefs-style DR,https://github.com/mezmer90/saas-directories/blob/main/saas-directories.csv,2026-09-18,,,source-reported,,DR sources disagree,False
d_9397e3ed4f180912,Victrays,https://victrays.com/,,victrays.com,40,follow,Directory,freemium,Unverified; source describes Ahrefs-style DR,https://github.com/mezmer90/saas-directories/blob/main/saas-directories.csv,2026-09-18,,,needs-research,,,False
d_bd8af0999db96fe2,Viesearch,https://www.viesearch.com/,,viesearch.com,65,follow,Directory,freemium,Unverified; source describes Ahrefs-style DR,https://github.com/mezmer90/saas-directories/blob/main/saas-directories.csv,2026-09-18,,,needs-research,,,False
d_27498b033f993b03,Viral Indian Diary,https://www.viralindiandiary.com/submit,,viralindiandiary.com,18,follow,Directory,unknown,Unverified; source describes Ahrefs-style DR,https://github.com/mezmer90/saas-directories/blob/main/saas-directories.csv,2026-09-18,,,needs-research,,Source path requires review,False
d_9748d096370533ae,Virtual Mojito,https://virtualmojito.com/,,virtualmojito.com,15,follow,Directory,unknown,Unverified; source describes Ahrefs-style DR,https://github.com/mezmer90/saas-directories/blob/main/saas-directories.csv,2026-09-18,,,needs-research,,,False
d_6523426ddcc4a838,Visual Studio Marketplace,https://marketplace.visualstudio.com/,https://code.visualstudio.com/api/working-with-extensions/publishing-extension,marketplace.visualstudio.com,92,follow,Marketplace,free,Ahrefs (source-reported),https://github.com/alvinunreal/awesome-submitlist/blob/main/data/destinations.json,2026-09-18,2026-09-14,,source-reported,"Requires a suitable app, integration, extension, deal, or seller account for this platform; not a generic backlink submission.",,False
d_6620f318e40ab579,W3 Catalog,http://w3catalog.com/submit.php,,w3catalog.com,25,follow,Directory,unknown,Unverified; source describes Ahrefs-style DR,https://github.com/mezmer90/saas-directories/blob/main/saas-directories.csv,2026-09-18,,,needs-research,,Source uses HTTP; Source path requires review,False
d_25f9fe3a493da405,Waildworld,https://waildworld.com/,,waildworld.com,10,unknown,Directory,unknown,Source-reported DR; provider not independently verified,https://github.com/theshubh77/awesome-saas-directories,2026-09-18,,,needs-research,"Source lists this route; acceptance, pricing, and current requirements need checking.",,False
d_c84b6f82d4d58963,We Like Tools,https://weliketools.com/,https://weliketools.com/submit,weliketools.com,44,follow,Directory,unknown,Unverified; source describes Ahrefs-style DR,https://github.com/mezmer90/saas-directories/blob/main/saas-directories.csv,2026-09-18,,,source-reported,,DR sources disagree,False
d_352a8c3ea5188dea,Web App Rater,https://webapprater.com/,,webapprater.com,20,follow,Directory,unknown,Unverified; source describes Ahrefs-style DR,https://github.com/mezmer90/saas-directories/blob/main/saas-directories.csv,2026-09-18,,,needs-research,,,False
d_6893cf649471aa0a,Web Design Inspiration,https://webdesign-inspiration.com/,https://www.webdesign-inspiration.com/web-design-site/submit,webdesign-inspiration.com,66,nofollow,Design,free,Ahrefs (source-reported),https://github.com/alvinunreal/awesome-submitlist/blob/main/data/destinations.json,2026-09-18,2026-09-14,,source-reported,Submit an original live design or appropriate design resource for editorial review.,DR sources disagree,False
d_1dc838e87f9c73b8,Web Designer News,https://webdesignernews.com/,,webdesignernews.com,60,nofollow,Design,unknown,Unverified; source describes Ahrefs-style DR,https://github.com/mezmer90/saas-directories/blob/main/saas-directories.csv,2026-09-18,,,needs-research,,,False
d_75da62aa6a73b692,Web Tools Weekly,http://webtoolsweekly.com/submit,,webtoolsweekly.com,38,follow,Newsletter,unknown,Unverified; source describes Ahrefs-style DR,https://github.com/mezmer90/saas-directories/blob/main/saas-directories.csv,2026-09-18,,,needs-research,,Source uses HTTP; Source path requires review,False
d_9af4ca455725f1c0,Web3 Canvas,http://web3canvas.com/submit,,web3canvas.com,18,follow,Directory,unknown,Unverified; source describes Ahrefs-style DR,https://github.com/mezmer90/saas-directories/blob/main/saas-directories.csv,2026-09-18,,,needs-research,,Source uses HTTP; Source path requires review,False
d_be157608c1f430c8,Weboworld,https://www.weboworld.com/,,weboworld.com,56,follow,Directory,freemium,Unverified; source describes Ahrefs-style DR,https://github.com/mezmer90/saas-directories/blob/main/saas-directories.csv,2026-09-18,,,needs-research,,,False
d_c5efb343f9393e45,Webrazzi,http://webrazzi.com/,https://webrazzi.com/en/startup-form/,webrazzi.com,74,follow,Press,free,Ahrefs (source-reported),https://github.com/alvinunreal/awesome-submitlist/blob/main/data/destinations.json,2026-09-18,2026-09-14,,source-reported,"Source-reported route and metrics. Review current eligibility, terms, pricing, and the exact published backlink.",Source uses HTTP; DR sources disagree,False
d_214d482d8358f815,webspot.app,https://webspot.app/,https://webspot.app/submit,webspot.app,30,unknown,Directory,unknown,Source-reported DR; provider not independently verified,https://github.com/theshubh77/awesome-saas-directories,2026-09-18,,,source-reported,,,False
d_90f45befa4d9e042,Webwide,http://webwide.io/forums/project-showca,,webwide.io,22,follow,Directory,unknown,Unverified; source describes Ahrefs-style DR,https://github.com/mezmer90/saas-directories/blob/main/saas-directories.csv,2026-09-18,,,needs-research,,Submission path may be truncated; Source uses HTTP; Source path requires review,False
d_21b60e559ea5bf6f,Webwiki,https://www.webwiki.com/,,webwiki.com,78,follow,Directory,freemium,Unverified; source describes Ahrefs-style DR,https://github.com/mezmer90/saas-directories/blob/main/saas-directories.csv,2026-09-18,,,needs-research,,,False
d_15fa9f0fe67e94f4,WeekHack,https://www.weekhack.com/,https://www.weekhack.com/launches/submit,weekhack.com,43,unknown,Directory,unknown,Source-reported DR; provider not independently verified,https://github.com/theshubh77/awesome-saas-directories,2026-09-18,,,source-reported,"Source lists this route; acceptance, pricing, and current requirements need checking.",,False
d_72c3c9b112f92bd9,Wellfound,https://wellfound.com/,https://wellfound.com/recruit/all-features/post-a-job,wellfound.com,87,follow,Marketplace,free,Ahrefs (source-reported),https://github.com/alvinunreal/awesome-submitlist/blob/main/data/destinations.json,2026-09-18,2026-09-14,,source-reported,Startup employer profile and real hiring; not a generic product directory.,,False
d_86e17375fe8648b9,What's New on the Net,https://www.whatsnewonthenet.com/conti,,whatsnewonthenet.com,22,follow,Directory,unknown,Unverified; source describes Ahrefs-style DR,https://github.com/mezmer90/saas-directories/blob/main/saas-directories.csv,2026-09-18,,,needs-research,,Submission path may be truncated; Source path requires review,False
d_c5096b82e72cbfe6,What's the Big Data,https://whatsthebigdata.com/,https://whatsthebigdata.com/submit-new-ai-tool/,whatsthebigdata.com,74,nofollow,AI,free,Ahrefs (source-reported),https://github.com/alvinunreal/awesome-submitlist/blob/main/data/destinations.json,2026-09-18,2026-09-14,,source-reported,"Source-reported route and metrics. Review current eligibility, terms, pricing, and the exact published backlink.",Source path requires review,False
d_0c1e1693660b3707,WhatIsAITools,https://whatisaitools.com/,,whatisaitools.com,22,follow,AI,freemium,Unverified; source describes Ahrefs-style DR,https://github.com/mezmer90/saas-directories/blob/main/saas-directories.csv,2026-09-18,,,needs-research,,,False
d_159ce5ac4b11dffd,WhatLaunched.Today,https://whatlaunched.today/,https://whatlaunched.today/submit,whatlaunched.today,71,unknown,Directory,unknown,Source-reported DR; provider not independently verified,https://github.com/theshubh77/awesome-saas-directories,2026-09-18,,,source-reported,"Source lists this route; acceptance, pricing, and current requirements need checking.",,False
d_3ca3a0b449dc02d6,WhatTheAI,https://whattheai.tech/,https://whattheai.tech/submit,whattheai.tech,34,follow,AI,free,Ahrefs (source-reported),https://github.com/alvinunreal/awesome-submitlist/blob/main/data/destinations.json,2026-09-18,2026-09-14,,source-reported,"Source-reported route and metrics. Review current eligibility, terms, pricing, and the exact published backlink.",DR sources disagree,False
d_78dd028c745a2047,WIP,https://wip.co/,https://wip.co/projects,wip.co,56,follow,Community,paid,Ahrefs (source-reported),https://github.com/alvinunreal/awesome-submitlist/blob/main/data/destinations.json,2026-09-18,2026-09-14,,source-reported,Paid maker accountability community; genuine project progress expected.,,False
d_6bb7105e105a54dc,Wired Business,https://wired.business/,https://wired.business/submit,wired.business,78,unknown,Directory,unknown,Source-reported DR; provider not independently verified,https://github.com/theshubh77/awesome-saas-directories,2026-09-18,,,source-reported,"Source lists this route; acceptance, pricing, and current requirements need checking.",,False
d_2b1b064b32cf532b,Women Entrepreneurs Portal,https://wep.gov.in/knowledge-bank/mybl,,wep.gov.in,48,nofollow,Directory,unknown,Unverified; source describes Ahrefs-style DR,https://github.com/mezmer90/saas-directories/blob/main/saas-directories.csv,2026-09-18,,,needs-research,,Submission path may be truncated; Source path requires review,False
d_abb427168bbdd2bf,womenmake.com,https://womenmake.com/,,womenmake.com,,unknown,Directory,unknown,Not supplied by source,https://github.com/mezmer90/saas-directories/blob/main/saas-directories.csv,2026-09-18,,,needs-research,,,False
d_ff8f075ceb62f7c3,yaatd.com,https://yaatd.com/,,yaatd.com,,unknown,Directory,unknown,Not supplied by source,https://github.com/mezmer90/saas-directories/blob/main/saas-directories.csv,2026-09-18,,,needs-research,,,False
d_0d4b43d2ac9375da,YC Startup School,https://www.startupschool.org/,,startupschool.org,80,nofollow,Directory,unknown,Unverified; source describes Ahrefs-style DR,https://github.com/mezmer90/saas-directories/blob/main/saas-directories.csv,2026-09-18,,,needs-research,,,False
d_16ca7cb6598cec70,Yellow Pages,https://yellowpages.com/,https://www.yellowpages.com/claim-your-listing,yellowpages.com,90,nofollow,Local business,free,Ahrefs (source-reported),https://github.com/alvinunreal/awesome-submitlist/blob/main/data/destinations.json,2026-09-18,2026-09-14,,source-reported,Business listing with local eligibility and contact details.,,False
d_44ea4c0b84db0b3c,Young Upstarts,http://youngupstarts.com/,,youngupstarts.com,42,follow,Press,unknown,Unverified; source describes Ahrefs-style DR,https://github.com/mezmer90/saas-directories/blob/main/saas-directories.csv,2026-09-18,,,needs-research,"Editorial/media prospect, not a guaranteed submission form. Find a relevant angle and the current pitch policy.",Source uses HTTP,False
d_f6c231f900439efb,YouNoodle,http://younoodle.com/,,younoodle.com,38,nofollow,Directory,unknown,Unverified; source describes Ahrefs-style DR,https://github.com/mezmer90/saas-directories/blob/main/saas-directories.csv,2026-09-18,,,needs-research,,Source uses HTTP,False
d_dc7e4b3477c421a7,YourStack,https://yourstack.com/,,yourstack.com,35,nofollow,Directory,unknown,Unverified; source describes Ahrefs-style DR,https://github.com/mezmer90/saas-directories/blob/main/saas-directories.csv,2026-09-18,,,needs-research,,,False
d_a1e79427d4d45342,YourStory,https://yourstory.com/companies,,yourstory.com,78,follow,Directory,unknown,Unverified; source describes Ahrefs-style DR,https://github.com/mezmer90/saas-directories/blob/main/saas-directories.csv,2026-09-18,,,needs-research,,Source path requires review,False
d_054d95f6a3250eca,Zapier App Directory,https://zapier.com/,https://developer.zapier.com/,zapier.com,91,nofollow,Marketplace,free,Ahrefs (source-reported),https://github.com/alvinunreal/awesome-submitlist/blob/main/data/destinations.json,2026-09-18,2026-09-14,,source-reported,"Requires a suitable app, integration, extension, deal, or seller account for this platform; not a generic backlink submission.",,False
d_594200a4f317bee9,ZDNet,https://www.zdnet.com/blog,,zdnet.com,91,nofollow,Press,unknown,Unverified; source describes Ahrefs-style DR,https://github.com/mezmer90/saas-directories/blob/main/saas-directories.csv,2026-09-18,,,needs-research,"Editorial/media prospect, not a guaranteed submission form. Find a relevant angle and the current pitch policy.",Source path requires review,False
d_d062e7bf20d170cb,Zoom App Marketplace,https://marketplace.zoom.us/,https://developers.zoom.us/docs/distribute/,marketplace.zoom.us,94,nofollow,Marketplace,free,Ahrefs (source-reported),https://github.com/alvinunreal/awesome-submitlist/blob/main/data/destinations.json,2026-09-18,2026-09-14,,source-reported,"Requires a suitable app, integration, extension, deal, or seller account for this platform; not a generic backlink submission.",,False
d_d3ec13cbef2f45b8,Zumvu,http://zumvu.com/make-profile.zvx,,zumvu.com,35,follow,Directory,unknown,Unverified; source describes Ahrefs-style DR,https://github.com/mezmer90/saas-directories/blob/main/saas-directories.csv,2026-09-18,,,needs-research,,Source uses HTTP; Source path requires review,False
